name	country	group	natparty	twitter_name
dr hab. Magdalena ADAMOWICZ	Poland	Group of the European People's Party (Christian Democrats)	Independent	
Asim ADEMOV	Bulgaria	Group of the European People's Party (Christian Democrats)	Citizens for European Development of Bulgaria	AdemovAsim
Isabella ADINOLFI	Italy	Non-attached Members	Movimento 5 Stelle	Isa_Adinolfi
Matteo ADINOLFI	Italy	Identity and Democracy Group		adinolfi_matteo
Alex AGIUS SALIBA	Malta	Group of the Progressive Alliance of Socialists and Democrats in the European Parliament	Partit Laburista	alexagiussaliba
Mazaly AGUILAR	Spain	European Conservatives and Reformists Group	VOX	
Clara AGUILERA	Spain	Group of the Progressive Alliance of Socialists and Democrats in the European Parliament	Partido Socialista Obrero Español	ClaraAguilera7
Scott AINSLIE	United Kingdom	Group of the Greens/European Free Alliance	Green Party	ScottMEPLondon
Alexander ALEXANDROV YORDANOV	Bulgaria	Group of the European People's Party (Christian Democrats)	Union of Democratic Forces	
François ALFONSI	France	Group of the Greens/European Free Alliance	Régions et Peuples Solidaires	F_Alfonsi
Atidzhe ALIEVA-VELI	Bulgaria	Renew Europe Group	Movement for Rights and Freedoms	
Christian ALLARD	United Kingdom	Group of the Greens/European Free Alliance	Scottish National Party	Christia_Allard
Abir AL SAHLANI	Sweden	Renew Europe Group	Centerpartiet	
Álvaro AMARO	Portugal	Group of the European People's Party (Christian Democrats)	Partido Social Democrata	AZinosAmaro
Andris AMERIKS	Latvia	Group of the Progressive Alliance of Socialists and Democrats in the European Parliament	"""Saska?a"" soci?ldemokr?tisk? partija"	AndrisAmeriks
Christine ANDERSON	Germany	Identity and Democracy Group	Alternative für Deutschland	CAndersonPR
Martina ANDERSON	United Kingdom	Confederal Group of the European United Left - Nordic Green Left	Sinn Fein	M_AndersonSF
Rasmus ANDRESEN	Germany	Group of the Greens/European Free Alliance	Bündnis 90/Die Grünen	RasmusAndresen
Eric ANDRIEU	France	Group of the Progressive Alliance of Socialists and Democrats in the European Parliament	Parti socialiste	EricAndrieuEU
Mathilde ANDROUËT	France	Identity and Democracy Group	Rassemblement national	
Nikos ANDROULAKIS	Greece	Group of the Progressive Alliance of Socialists and Democrats in the European Parliament	PASOK-KINAL	androulakisnick
Gerolf ANNEMANS	Belgium	Identity and Democracy Group	Vlaams Belang	gannemans
Andrus ANSIP	Estonia	Renew Europe Group	Eesti Reformierakond	Ansip_EU
Attila ARA-KOVÁCS	Hungary	Group of the Progressive Alliance of Socialists and Democrats in the European Parliament	Demokratikus Koalíció	AraKovacs
Maria ARENA	Belgium	Group of the Progressive Alliance of Socialists and Democrats in the European Parliament	Parti Socialiste	Mariearenaps
Pablo ARIAS ECHEVERRÍA	Spain	Group of the European People's Party (Christian Democrats)	Partido Popular	PabloJavierAri2
Pascal ARIMONT	Belgium	Group of the European People's Party (Christian Democrats)	Christlich Soziale Partei	pascal_arimont
Bartosz AR?UKOWICZ	Poland	Group of the European People's Party (Christian Democrats)	Platforma Obywatelska	
Clotilde ARMAND	Romania	Renew Europe Group	Uniunea Salva?i România	clotilde_armand
Konstantinos ARVANITIS	Greece	Confederal Group of the European United Left - Nordic Green Left	Coalition of the Radical Left	
Anna-Michelle ASIMAKOPOULOU	Greece	Group of the European People's Party (Christian Democrats)	Nea Demokratia	AnnaAsimakopoul
Manon AUBRY	France	Confederal Group of the European United Left - Nordic Green Left	La France Insoumise	ManonAubryFr
Margrete AUKEN	Denmark	Group of the Greens/European Free Alliance	Socialistisk Folkeparti	MargreteAuken
Petras AUŠTREVI?IUS	Lithuania	Renew Europe Group	Lietuvos Respublikos liberal? s?j?dis	
Carmen AVRAM	Romania	Group of the Progressive Alliance of Socialists and Democrats in the European Parliament	Partidul Social Democrat	carmenavram
Malik AZMANI	Netherlands	Renew Europe Group	Volkspartij voor Vrijheid en Democratie	MalikAzmani
Simona BALDASSARRE	Italy	Identity and Democracy Group	Lega	SR_Baldassarre
Marek Pawe? BALT	Poland	Group of the Progressive Alliance of Socialists and Democrats in the European Parliament	Sojusz Lewicy Demokratycznej	
Jordan BARDELLA	France	Identity and Democracy Group	Rassemblement national	J_Bardella
Katarina BARLEY	Germany	Group of the Progressive Alliance of Socialists and Democrats in the European Parliament	Sozialdemokratische Partei Deutschlands	katarinabarley
Pernando BARRENA ARZA	Spain	Confederal Group of the European United Left - Nordic Green Left	EH BILDU	
Cavaliere della Rep. – Commendatore della Rep. Pietro BARTOLO	Italy	Group of the Progressive Alliance of Socialists and Democrats in the European Parliament	Partito Democratico	
Traian B?SESCU	Romania	Group of the European People's Party (Christian Democrats)	Partidul Mi?carea Popular?	
Alessandra BASSO	Italy	Identity and Democracy Group	Lega	alebassoMEP
José Ramón BAUZÁ DÍAZ	Spain	Renew Europe Group	Ciudadanos – Partido de la Ciudadanía	JRBauza
Nicolas BAY	France	Identity and Democracy Group	Rassemblement national	NicolasBay_
Catherine BEARDER	United Kingdom	Renew Europe Group	Liberal Democrats	catherinemep
Gunnar Günter BECK	Germany	Identity and Democracy Group	Alternative für Deutschland	
Nicola BEER	Germany	Renew Europe Group	Freie Demokratische Partei	nicolabeerfdp
Tiziana BEGHIN	Italy	Non-attached Members	Movimento 5 Stelle	beghin_t
Aurelia BEIGNEUX	France	Identity and Democracy Group	Rassemblement national	AureliaBeigneux
Marek BELKA	Poland	Group of the Progressive Alliance of Socialists and Democrats in the European Parliament	Sojusz Lewicy Demokratycznej	profMarekBelka
François-Xavier BELLAMY	France	Group of the European People's Party (Christian Democrats)	Les Républicains	fxbellamy
Adrian-Drago? BENEA	Romania	Group of the Progressive Alliance of Socialists and Democrats in the European Parliament	Partidul Social Democrat	
Brando BENIFEI	Italy	Group of the Progressive Alliance of Socialists and Democrats in the European Parliament	Partito Democratico	brandobenifei
Isabel BENJUMEA BENJUMEA	Spain	Group of the European People's Party (Christian Democrats)	Partido Popular	IsabelBenjumea
Phil BENNION	United Kingdom	Renew Europe Group	Liberal Democrats	PhilBennion
Monika BE?OVÁ	Slovakia	Group of the Progressive Alliance of Socialists and Democrats in the European Parliament	SMER-Sociálna demokracia	
Hildegard BENTELE	Germany	Group of the European People's Party (Christian Democrats)	Christlich Demokratische Union Deutschlands	hildebentele
Tom BERENDSEN	Netherlands	Group of the European People's Party (Christian Democrats)	Christen Democratisch Appèl	TBerendsen
Lars Patrick BERG	Germany	Identity and Democracy Group	Alternative für Deutschland	LarsPatrickBerg
Stefan BERGER	Germany	Group of the European People's Party (Christian Democrats)	Christlich Demokratische Union Deutschlands	DrStefanBerger
Erik BERGKVIST	Sweden	Group of the Progressive Alliance of Socialists and Democrats in the European Parliament	Arbetarepartiet- Socialdemokraterna	Erikbergkvist1
Silvio BERLUSCONI	Italy	Group of the European People's Party (Christian Democrats)	Forza Italia	berlusconi
Alexander BERNHUBER	Austria	Group of the European People's Party (Christian Democrats)	Österreichische Volkspartei	
Robert BIEDRO?	Poland	Group of the Progressive Alliance of Socialists and Democrats in the European Parliament	Wiosna	
Adam BIELAN	Poland	European Conservatives and Reformists Group	Prawo i Sprawiedliwo??	AdamBielan
Stéphane BIJOUX	France	Renew Europe Group	La République en marche	StephaneBIJOUX
Izaskun BILBAO BARANDICA	Spain	Renew Europe Group	Partido Nacionalista Vasco	IzaskunBilbaoB
Vladimír BIL?ÍK	Slovakia	Group of the European People's Party (Christian Democrats)	SPOLU – ob?ianska demokracia	
Dominique BILDE	France	Identity and Democracy Group	Rassemblement national	DominiqueBilde
Gabriele BISCHOFF	Germany	Group of the Progressive Alliance of Socialists and Democrats in the European Parliament	Sozialdemokratische Partei Deutschlands	g_mamsell
Benoît BITEAU	France	Group of the Greens/European Free Alliance	Europe Écologie	Identi_Terre
Mara BIZZOTTO	Italy	Identity and Democracy Group	Lega	marabizzotto
Malin BJÖRK	Sweden	Confederal Group of the European United Left - Nordic Green Left	Vänsterpartiet	MalinBjork_EU
Vasile BLAGA	Romania	Group of the European People's Party (Christian Democrats)	Partidul Na?ional Liberal	SenatulRomaniei
Hynek BLAŠKO	Czechia	Identity and Democracy Group	Svoboda a p?ímá demokracie	
Vilija BLINKEVI?I?T?	Lithuania	Group of the Progressive Alliance of Socialists and Democrats in the European Parliament	Lietuvos socialdemokrat? partija	
Michael BLOSS	Germany	Group of the Greens/European Free Alliance	Bündnis 90/Die Grünen	michabl
Andrea BOCSKOR	Hungary	Group of the European People's Party (Christian Democrats)	Fidesz-Magyar Polgári Szövetség-Kereszténydemokrata Néppárt	AndreaBocskor
Damian BOESELAGER	Germany	Group of the Greens/European Free Alliance	Volt	d_boeselager
Ioan-Rare? BOGDAN	Romania	Group of the European People's Party (Christian Democrats)	Partidul Na?ional Liberal	
Franc BOGOVI?	Slovenia	Group of the European People's Party (Christian Democrats)	Slovenska ljudska stranka	
Manuel BOMPARD	France	Confederal Group of the European United Left - Nordic Green Left	La France Insoumise	mbompard
Simona BONAFÈ	Italy	Group of the Progressive Alliance of Socialists and Democrats in the European Parliament	Partito Democratico	simonabonafe
Anna BONFRISCO	Italy	Identity and Democracy Group	Lega	
Paolo BORCHIA	Italy	Identity and Democracy Group	Lega	PaoloBorchia
Biljana BORZAN	Croatia	Group of the Progressive Alliance of Socialists and Democrats in the European Parliament	Socijaldemokratska partija Hrvatske	BiljanaBorzan
Marc BOTENGA	Belgium	Confederal Group of the European United Left - Nordic Green Left	Parti du Travail de Belgique	BotengaM
Vlad-Marius BOTO?	Romania	Renew Europe Group	Uniunea Salva?i România	
Geert BOURGEOIS	Belgium	European Conservatives and Reformists Group	Nieuw-Vlaamse Alliantie	GeertBourgeois
Gilles BOYER	France	Renew Europe Group	Indépendant	GillesBoyer
Patrick BREYER	Germany	Group of the Greens/European Free Alliance	Piratenpartei Deutschland	echo_pbreyer
Milan BRGLEZ	Slovenia	Group of the Progressive Alliance of Socialists and Democrats in the European Parliament	Socialni demokrati	
Saskia BRICMONT	Belgium	Group of the Greens/European Free Alliance	Ecologistes Confédérés pour l'Organisation de Luttes Originales	bricmontsaskia
Jane BROPHY	United Kingdom	Renew Europe Group	Liberal Democrats	JaneBrophyLD
Joachim Stanis?aw BRUDZI?SKI	Poland	European Conservatives and Reformists Group	Prawo i Sprawiedliwo??	
Annika BRUNA	France	Identity and Democracy Group	Rassemblement national	
Sylvie BRUNET	France	Renew Europe Group	Liste Rennaisance	syl_brunet
Markus BUCHHEIT	Germany	Identity and Democracy Group	Alternative für Deutschland	
Klaus BUCHNER	Germany	Group of the Greens/European Free Alliance	Ökologisch-Demokratische Partei	Dr_KlausBuchner
Daniel BUDA	Romania	Group of the European People's Party (Christian Democrats)	Partidul Na?ional Liberal	MEPDanielBuda
David BULL	United Kingdom	Non-attached Members	The Brexit Party	drdavidbull
Udo BULLMANN	Germany	Group of the Progressive Alliance of Socialists and Democrats in the European Parliament	Sozialdemokratische Partei Deutschlands	UdoBullmann
Jonathan BULLOCK	United Kingdom	Non-attached Members	The Brexit Party	JonathanMEP
Judith BUNTING	United Kingdom	Renew Europe Group	Liberal Democrats	JudithBuntingLD
Delara BURKHARDT	Germany	Group of the Progressive Alliance of Socialists and Democrats in the European Parliament	Sozialdemokratische Partei Deutschlands	delarabur
Martin BUSCHMANN	Germany	Confederal Group of the European United Left - Nordic Green Left	Partei Mensch Umwelt Tierschutz	BuschmannMartin
Cristian-Silviu BU?OI	Romania	Group of the European People's Party (Christian Democrats)	Partidul Na?ional Liberal	
Reinhard BÜTIKOFER	Germany	Group of the Greens/European Free Alliance	Bündnis 90/Die Grünen	bueti
Jorge BUXADÉ VILLALBA	Spain	European Conservatives and Reformists Group	VOX	Jorgebuxade
Professor Jerzy BUZEK	Poland	Group of the European People's Party (Christian Democrats)	Koalicja Europejska	
Carlo CALENDA	Italy	Group of the Progressive Alliance of Socialists and Democrats in the European Parliament	Partito Democratico	CarloCalenda
Marco CAMPOMENOSI	Italy	Identity and Democracy Group	Lega	MCampomenosi
Jordi CAÑAS	Spain	Renew Europe Group	Ciudadanos – Partido de la Ciudadanía	jordi_canyas
Pascal CANFIN	France	Renew Europe Group	Liste Rennaisance	pcanfin
Damien CARÊME	France	Group of the Greens/European Free Alliance	Europe Écologie	DamienCAREME
Andrea CAROPPO	Italy	Identity and Democracy Group	Lega	caroppo_andrea
Matt CARTHY	Ireland	Confederal Group of the European United Left - Nordic Green Left	Sinn Féin	mattcarthy
Maria Da Graça CARVALHO	Portugal	Group of the European People's Party (Christian Democrats)	Partido Social Democrata	MariadaGraaCar2
David CASA	Malta	Group of the European People's Party (Christian Democrats)	Partit Nazzjonalista	DavidCasaMEP
Massimo CASANOVA	Italy	Identity and Democracy Group	Lega	overtone80
Daniel CASPARY	Germany	Group of the European People's Party (Christian Democrats)	Christlich Demokratische Union Deutschlands	caspary
Fabio Massimo CASTALDO	Italy	Non-attached Members	Movimento 5 Stelle	FMCastaldo
Pilar del CASTILLO VERA	Spain	Group of the European People's Party (Christian Democrats)	Partido Popular	delcastillop
Anna CAVAZZINI	Germany	Group of the Greens/European Free Alliance	Bündnis 90/Die Grünen	anna_cavazzini
Susanna CECCARDI	Italy	Identity and Democracy Group	Lega	SusannaCeccardi
Sara CERDAS	Portugal	Group of the Progressive Alliance of Socialists and Democrats in the European Parliament	Partido Socialista	sara_saracerdas
Catherine CHABAUD	France	Renew Europe Group	Liste Rennaisance	CathChabaud
Mohammed CHAHIM	Netherlands	Group of the Progressive Alliance of Socialists and Democrats in the European Parliament	Partij van de Arbeid	MChahim
Leila CHAIBI	France	Confederal Group of the European United Left - Nordic Green Left	La France Insoumise	leilachaibi
Dita CHARANZOVÁ	Czechia	Renew Europe Group	ANO 2011	charanzova
Olivier CHASTEL	Belgium	Renew Europe Group	Mouvement Réformateur	OChastel
Caterina CHINNICI	Italy	Group of the Progressive Alliance of Socialists and Democrats in the European Parliament	Partito Democratico	CaterinaChinnic
Ellie CHOWNS	United Kingdom	Group of the Greens/European Free Alliance	Green Party	EllieChownsMEP
Asger CHRISTENSEN	Denmark	Renew Europe Group	Venstre, Danmarks Liberale Parti	asgerrojle
Lefteris CHRISTOFOROU	Cyprus	Group of the European People's Party (Christian Democrats)	Democratic Rally	LefChristoforou
W?odzimierz CIMOSZEWICZ	Poland	Group of the Progressive Alliance of Socialists and Democrats in the European Parliament	Sojusz Lewicy Demokratycznej - Unia Pracy	
Angelo CIOCCA	Italy	Identity and Democracy Group	Lega	AngeloCiocca
Dacian CIOLOS	Romania	Renew Europe Group	Partidul Libertate, Unitate ?i Solidaritate	CiolosDacian
Tudor CIUHODARU	Romania	Group of the Progressive Alliance of Socialists and Democrats in the European Parliament	Partidul Social Democrat	
Miroslav ?ÍŽ	Slovakia	Group of the Progressive Alliance of Socialists and Democrats in the European Parliament	SMER-Sociálna demokracia	
Nathalie COLIN-OESTERLÉ	France	Group of the European People's Party (Christian Democrats)	Les centristes	ncolin_oesterle
Gilbert COLLARD	France	Identity and Democracy Group	Rassemblement national	GilbertCollard
Rosanna CONTE	Italy	Identity and Democracy Group	Lega	conte_rosanna
Richard CORBETT	United Kingdom	Group of the Progressive Alliance of Socialists and Democrats in the European Parliament	Labour Party	RCorbettMEP
David CORMAND	France	Group of the Greens/European Free Alliance	Europe Écologie	DavidCormand
Ignazio CORRAO	Italy	Non-attached Members	Movimento 5 Stelle	ignaziocorrao
Andrea COZZOLINO	Italy	Group of the Progressive Alliance of Socialists and Democrats in the European Parliament	Partito Democratico	cozzolino62
Corina CRE?U	Romania	Group of the Progressive Alliance of Socialists and Democrats in the European Parliament	PRO Romania	CorinaCretuEU
Katalin CSEH	Hungary	Renew Europe Group	Momentum	katka_cseh
Ciarán CUFFE	Ireland	Group of the Greens/European Free Alliance	Green Party	CiaranCuffe
Josianne CUTAJAR	Malta	Group of the Progressive Alliance of Socialists and Democrats in the European Parliament	Partit Laburista	josiannecutajar
Ryszard CZARNECKI	Poland	European Conservatives and Reformists Group	Prawo i Sprawiedliwo??	r_czarnecki
Peter van DALEN	Netherlands	Group of the European People's Party (Christian Democrats)	ChristenUnie	petervdalen
Miriam DALLI	Malta	Group of the Progressive Alliance of Socialists and Democrats in the European Parliament	Partit Laburista	Miriamdalli
Clare DALY	Ireland	Confederal Group of the European United Left - Nordic Green Left	Independent	ClareDalyMEP
Rosa D'AMATO	Italy	Non-attached Members	Movimento 5 Stelle	rosadamato634
Seb DANCE	United Kingdom	Group of the Progressive Alliance of Socialists and Democrats in the European Parliament	Labour Party	SebDance
Johan DANIELSSON	Sweden	Group of the Progressive Alliance of Socialists and Democrats in the European Parliament	Arbetarepartiet- Socialdemokraterna	joda__racing
Arnaud DANJEAN	France	Group of the European People's Party (Christian Democrats)	Les Républicains	ArnaudDanjean
Gianantonio DA RE	Italy	Identity and Democracy Group	Lega	GianantonioDaRe
Martin Edward DAUBNEY	United Kingdom	Non-attached Members	The Brexit Party	
Ivan DAVID	Czechia	Identity and Democracy Group	Svoboda a p?ímá demokracie	IvanBarahonaEcu
Chris DAVIES	United Kingdom	Renew Europe Group	Liberal Democrats	ChrisDaviesEU
Paolo DE CASTRO	Italy	Group of the Progressive Alliance of Socialists and Democrats in the European Parliament	Partito Democratico	paolodecastro
Jérémy DECERLE	France	Renew Europe Group	Liste Rennaisance	JDecerle
Gwendoline DELBOS-CORFIELD	France	Group of the Greens/European Free Alliance	Europe Écologie	GDelbosCorfield
Andor DELI	Hungary	Group of the European People's Party (Christian Democrats)	Fidesz-Magyar Polgári Szövetség-Kereszténydemokrata Néppárt	AndorDeli
Karima DELLI	France	Group of the Greens/European Free Alliance	Europe Écologie	KarimaDelli
Belinda DE LUCY	United Kingdom	Non-attached Members	The Brexit Party	BelindadeLucy
Filip DE MAN	Belgium	Identity and Democracy Group	Vlaams Belang	
Özlem DEMIREL	Germany	Confederal Group of the European United Left - Nordic Green Left	DIE LINKE.	OezlemADemirel
Anna DEPARNAY-GRUNENBERG	Germany	Group of the Greens/European Free Alliance	Bündnis 90/Die Grünen	candidate_verte
Petra DE SUTTER	Belgium	Group of the Greens/European Free Alliance	Groen	pdsutter
Tamás DEUTSCH	Hungary	Group of the European People's Party (Christian Democrats)	Fidesz-Magyar Polgári Szövetség-Kereszténydemokrata Néppárt	dajcstomi
Dinesh DHAMIJA	United Kingdom	Renew Europe Group	Liberal Democrats	dinesh_dhamija
Geoffroy DIDIER	France	Group of the European People's Party (Christian Democrats)	Les Républicains	GeoffroyDidier
André Jorge DIONÍSIO BRADFORD	Portugal	Group of the Progressive Alliance of Socialists and Democrats in the European Parliament	Partido Socialista	
Martina DLABAJOVÁ	Czechia	Renew Europe Group	ANO 2011	Mdlabajova
Klára DOBREV	Hungary	Group of the Progressive Alliance of Socialists and Democrats in the European Parliament	Demokratikus Koalíció	
Diane DODDS	United Kingdom	Non-attached Members	Democratic Unionist Party	DianeDoddsMEP
Christian Konrad DOLESCHAL	Germany	Group of the European People's Party (Christian Democrats)	Christlich-Soziale Union in Bayern e.V.	
Anna Julia DONÁTH	Hungary	Renew Europe Group	Momentum	donath_anna
Francesca DONATO	Italy	Identity and Democracy Group	Lega	ladyonorato
Herbert DORFMANN	Italy	Group of the European People's Party (Christian Democrats)	Südtiroler Volkspartei	HerbertDorfmann
Gina DOWDING	United Kingdom	Group of the Greens/European Free Alliance	Green Party	GinaDowdingMEP
Marco DREOSTO	Italy	Identity and Democracy Group	Lega	MarcoDreosto
Jaros?aw DUDA	Poland	Group of the European People's Party (Christian Democrats)	Platforma Obywatelska	
Lena DÜPONT	Germany	Group of the European People's Party (Christian Democrats)	Christlich Demokratische Union Deutschlands	
Estrella DURA FERRANDIS	Spain	Non-attached Members	Partido Socialista Obrero Español	
Pascal DURAND	France	Renew Europe Group	Liste Rennaisance	PDurandOfficiel
Lucia ?URIŠ NICHOLSONOVÁ	Slovakia	European Conservatives and Reformists Group	Sloboda a Solidarita	
Angel DZHAMBAZKI	Bulgaria	European Conservatives and Reformists Group	VMRO	dzhambazki
Karoline EDTSTADLER	Austria	Group of the European People's Party (Christian Democrats)	Österreichische Volkspartei	k_edtstadler
Christian EHLER	Germany	Group of the European People's Party (Christian Democrats)	Christlich Demokratische Union Deutschlands	Cehler87
Bas EICKHOUT	Netherlands	Group of the Greens/European Free Alliance	GroenLinks	BasEickhout
Andrew ENGLAND KERR	United Kingdom	Non-attached Members	The Brexit Party	englandkerrmep
Derk Jan EPPINK	Netherlands	European Conservatives and Reformists Group	Forum voor Democratie	djeppink
Cornelia ERNST	Germany	Confederal Group of the European United Left - Nordic Green Left	DIE LINKE.	ErnstCornelia
Engin EROGLU	Germany	Renew Europe Group	Freie Wähler	EnginEroglu_FW
Ismail ERTUG	Germany	Group of the Progressive Alliance of Socialists and Democrats in the European Parliament	Sozialdemokratische Partei Deutschlands	IsmailErtug
Rosa ESTARÀS FERRAGUT	Spain	Group of the European People's Party (Christian Democrats)	Partido Popular	
Jill EVANS	United Kingdom	Group of the Greens/European Free Alliance	Plaid Cymru - Party of Wales	JillEvansMEP
Eleonora EVI	Italy	Non-attached Members	Movimento 5 Stelle	EleonoraEvi
Agnès EVREN	France	Group of the European People's Party (Christian Democrats)	Les Républicains	AgnesEvren
Tanja FAJON	Slovenia	Group of the Progressive Alliance of Socialists and Democrats in the European Parliament	Socialni demokrati	tfajon
Gheorghe FALC?	Romania	Group of the European People's Party (Christian Democrats)	Partidul Na?ional Liberal	
Nigel FARAGE	United Kingdom	Non-attached Members	The Brexit Party	Nigel_Farage
Laurence FARRENG	France	Renew Europe Group	Mouvement Démocrate	laurencefarreng
Fredrick FEDERLEY	Sweden	Renew Europe Group	Centerpartiet	federley
Markus FERBER	Germany	Group of the European People's Party (Christian Democrats)	Christlich-Soziale Union in Bayern e.V.	MarkusFerber
José Manuel FERNANDES	Portugal	Group of the European People's Party (Christian Democrats)	Partido Social Democrata	JMFernandesEU
Jonás FERNÁNDEZ	Spain	Group of the Progressive Alliance of Socialists and Democrats in the European Parliament	Partido Socialista Obrero Español	jonasfernandez
Giuseppe FERRANDINO	Italy	Group of the Progressive Alliance of Socialists and Democrats in the European Parliament	Partito Democratico	
Laura FERRARA	Italy	Non-attached Members	Movimento 5 Stelle	LFerraraM5S
João FERREIRA	Portugal	Confederal Group of the European United Left - Nordic Green Left	Partido Comunista Português	maniaKK__
Nicolaus FEST	Germany	Identity and Democracy Group	Alternative für Deutschland	Nicolaus_Fest
Carlo FIDANZA	Italy	European Conservatives and Reformists Group	Fratelli d'Italia	FidanzaCarlo
Pietro FIOCCHI	Italy	European Conservatives and Reformists Group	Fratelli d'Italia	pietrofiocchi
Raffaele FITTO	Italy	European Conservatives and Reformists Group	Fratelli d'Italia	RaffaeleFitto
Frances FITZGERALD	Ireland	Group of the European People's Party (Christian Democrats)	Fine Gael Party	FitzgeraldFrncs
Luke Ming FLANAGAN	Ireland	Confederal Group of the European United Left - Nordic Green Left	Independent	lukeming
Valter FLEGO	Croatia	Renew Europe Group	Istarski demokratski sabor - Dieta democratica istriana	ValterFlego
Lance FORMAN	United Kingdom	Non-attached Members	The Brexit Party	LanceForman
Anna FOTYGA	Poland	European Conservatives and Reformists Group	Prawo i Sprawiedliwo??	AnnaFotyga_PE
Loucas FOURLAS	Cyprus	Group of the European People's Party (Christian Democrats)	Democratic Rally	loucas_fourlas
Claire FOX	United Kingdom	Non-attached Members	The Brexit Party	Fox_Claire
Tomasz FRANKOWSKI	Poland	Group of the European People's Party (Christian Democrats)	Platforma Obywatelska	TFrankowski21
Cindy FRANSSEN	Belgium	Group of the European People's Party (Christian Democrats)	Christen-Democratisch & Vlaams	FranssenCindy
Romeo FRANZ	Germany	Group of the Greens/European Free Alliance	Bündnis 90/Die Grünen	RomeoFranz1
Daniel FREUND	Germany	Group of the Greens/European Free Alliance	Bündnis 90/Die Grünen	daniel_freund
Heléne FRITZON	Sweden	Group of the Progressive Alliance of Socialists and Democrats in the European Parliament	Arbetarepartiet- Socialdemokraterna	
Niels FUGLSANG	Denmark	Group of the Progressive Alliance of Socialists and Democrats in the European Parliament	Socialdemokratiet	NielsFuglsang
Mario FURORE	Italy	Non-attached Members	Movimento 5 Stelle	MarioFurore
Søren Gade GADE	Denmark	Renew Europe Group	Venstre, Danmarks Liberale Parti	SoerenGade
Michael GAHLER	Germany	Group of the European People's Party (Christian Democrats)	Christlich Demokratische Union Deutschlands	
Kinga GÁL	Hungary	Group of the European People's Party (Christian Democrats)	Fidesz-Magyar Polgári Szövetség-Kereszténydemokrata Néppárt	1D5Kinga
Doktor Professor Lina GALVEZ MUÑOZ	Spain	Group of the Progressive Alliance of Socialists and Democrats in the European Parliament	Partido Socialista Obrero Español	
Claudia GAMON	Austria	Renew Europe Group	NEOS – Das Neue Österreich	dieGamon
Gianna GANCIA	Italy	Identity and Democracy Group	Lega	giannagancia
Ibán GARCIA DEL BLANCO	Spain	Group of the Progressive Alliance of Socialists and Democrats in the European Parliament	Partido Socialista Obrero Español	
José Manuel GARCÍA-MARGALLO Y MARFIL	Spain	Group of the European People's Party (Christian Democrats)	Partido Popular	MargalloJm
Isabel GARCÍA MUÑOZ	Spain	Group of the Progressive Alliance of Socialists and Democrats in the European Parliament	Partido Socialista Obrero Español	isabelgm7
Iratxe GARCÍA PÉREZ	Spain	Group of the Progressive Alliance of Socialists and Democrats in the European Parliament	Partido Socialista Obrero Español	IratxeGarper
Eider GARDIAZABAL RUBIAL	Spain	Group of the Progressive Alliance of Socialists and Democrats in the European Parliament	Partido Socialista Obrero Español	EGardiazabal
Luis GARICANO	Spain	Renew Europe Group	Ciudadanos – Partido de la Ciudadanía	lugaricano
Jean-Paul GARRAUD	France	Identity and Democracy Group	Rassemblement national	JPGarraud
Evelyne GEBHARDT	Germany	Group of the Progressive Alliance of Socialists and Democrats in the European Parliament	Sozialdemokratische Partei Deutschlands	
Alexandra GEESE	Germany	Group of the Greens/European Free Alliance	Bündnis 90/Die Grünen	alexandra_geese
Jens GEIER	Germany	Group of the Progressive Alliance of Socialists and Democrats in the European Parliament	Sozialdemokratische Partei Deutschlands	EuropaJens
Chiara GEMMA	Italy	Non-attached Members	Movimento 5 Stelle	Piccolaienametr
Giorgos GEORGIOU	Cyprus	Confederal Group of the European United Left - Nordic Green Left	Progressive Party of Working People - Left - New Forces	ggeorgiougr
Alexandros GEORGOULIS	Greece	Confederal Group of the European United Left - Nordic Green Left	Coalition of the Radical Left	
Helmut GEUKING	Germany	European Conservatives and Reformists Group	Familien-Partei Deutschlands	
Cristian GHINEA	Romania	Renew Europe Group	USR-PLUS	GhineaMEP
Dino GIARRUSSO	Italy	Non-attached Members	Movimento 5 Stelle	DinoGiarrusso
Barbara Ann GIBSON	United Kingdom	Renew Europe Group	Liberal Democrats	
Sven GIEGOLD	Germany	Group of the Greens/European Free Alliance	Bündnis 90/Die Grünen	sven_giegold
Jens GIESEKE	Germany	Group of the European People's Party (Christian Democrats)	Christlich Demokratische Union Deutschlands	
Neena GILL	United Kingdom	Group of the Progressive Alliance of Socialists and Democrats in the European Parliament	Labour Party	NeenaGmep
Nathan GILL	United Kingdom	Non-attached Members	The Brexit Party	NathanGillMEP
James Alexander GLANCY	United Kingdom	Non-attached Members	The Brexit Party	jaglancy
Andreas GLÜCK	Germany	Renew Europe Group	Freie Demokratische Partei	flaxundkruemel
Raphaël GLUCKSMANN	France	Group of the Progressive Alliance of Socialists and Democrats in the European Parliament	Place publique	rglucks1
Charles GOERENS	Luxembourg	Renew Europe Group	Parti démocratique	CharlesGoerens
Mónica Silvana GONZÁLEZ	Spain	Group of the Progressive Alliance of Socialists and Democrats in the European Parliament	Partido Socialista Obrero Español	MonicaSilvanaG
Nicolás GONZALEZ CASARES	Spain	Group of the Progressive Alliance of Socialists and Democrats in the European Parliament	Partido Socialista Obrero Español	nicogoncas
Esteban GONZÁLEZ PONS	Spain	Group of the European People's Party (Christian Democrats)	Partido Popular	gonzalezpons
Valentino GRANT	Italy	Identity and Democracy Group	Lega	GrantValentino
Maria GRAPINI	Romania	Group of the Progressive Alliance of Socialists and Democrats in the European Parliament	Partidul Social Democrat	MariaGrapini
Markéta GREGOROVÁ	Czechia	Group of the Greens/European Free Alliance	PIRÁTI	jazykovedma
Theresa GRIFFIN	United Kingdom	Group of the Progressive Alliance of Socialists and Democrats in the European Parliament	Labour Party	TheresaMEP
Catherine GRISET	France	Identity and Democracy Group	Rassemblement national	GrisetCatherine
Klemen GROŠELJ	Slovenia	Renew Europe Group	Lista Marjana Šarca	
Christophe GRUDLER	France	Renew Europe Group	Mouvement Démocrate	GrudlerCh
Elisabetta GUALMINI	Italy	Group of the Progressive Alliance of Socialists and Democrats in the European Parliament	Partito Democratico	gualminielisa
Roberto GUALTIERI	Italy	Group of the Progressive Alliance of Socialists and Democrats in the European Parliament	Partito Democratico	gualtierieurope
Francisco GUERREIRO	Portugal	Group of the Greens/European Free Alliance	Pessoas-Animais-Natureza	Franciscojng
Bernard GUETTA	France	Renew Europe Group	Liste Rennaisance	
Sylvie GUILLAUME	France	Group of the Progressive Alliance of Socialists and Democrats in the European Parliament	Parti socialiste	sylvieguillaume
José GUSMÃO	Portugal	Confederal Group of the European United Left - Nordic Green Left	Bloco de Esquerda	joseggusmao
Jytte GUTELAND	Sweden	Group of the Progressive Alliance of Socialists and Democrats in the European Parliament	Arbetarepartiet- Socialdemokraterna	JytteGuteland
Márton GYÖNGYÖSI	Hungary	Non-attached Members	Jobbik Magyarországért Mozgalom	GyongyosiMarton
Enik? GY?RI	Hungary	Group of the European People's Party (Christian Democrats)	Fidesz-Magyar Polgári Szövetség-Kereszténydemokrata Néppárt	
András GYÜRK	Hungary	Group of the European People's Party (Christian Democrats)	Fidesz-Magyar Polgári Szövetség-Kereszténydemokrata Néppárt	
Ben HABIB	United Kingdom	Non-attached Members	The Brexit Party	benhabib6
Svenja HAHN	Germany	Renew Europe Group	Freie Demokratische Partei	svenja_hahn
Henrike Nanna Gisela HAHN	Germany	Group of the Greens/European Free Alliance	Bündnis 90/Die Grünen	
Roman HAIDER	Austria	Identity and Democracy Group	Freiheitliche Partei Österreichs	HaiderRoman
Robert HAJŠEL	Slovakia	Group of the Progressive Alliance of Socialists and Democrats in the European Parliament	SMER-Sociálna demokracia	
Teuvo HAKKARAINEN	Finland	Identity and Democracy Group	Perussuomalaiset	Kapu_11
Andrzej HALICKI	Poland	Group of the European People's Party (Christian Democrats)	Platforma Obywatelska	AndrzejHalicki
Daniel HANNAN	United Kingdom	European Conservatives and Reformists Group	Conservative Party	DanielJHannan
Christophe HANSEN	Luxembourg	Group of the European People's Party (Christian Democrats)	Parti chrétien social luxembourgeois	CHansenEU
Lucy Elizabeth HARRIS	United Kingdom	Non-attached Members	The Brexit Party	Lugey6
Martin HÄUSLING	Germany	Group of the Greens/European Free Alliance	Bündnis 90/Die Grünen	MartinHaeusling
Heidi HAUTALA	Finland	Group of the Greens/European Free Alliance	Vihreä liitto	HeidiHautala
Mircea-Gheorghe HAVA	Romania	Group of the European People's Party (Christian Democrats)	Partidul Na?ional Liberal	
Valerie HAYER	France	Renew Europe Group	La République en marche	ValerieHayer
Anja HAZEKAMP	Netherlands	Confederal Group of the European United Left - Nordic Green Left	Partij voor de Dieren	anjahazekamp
Michael HEAVER	United Kingdom	Non-attached Members	The Brexit Party	Michael_Heaver
Hannes HEIDE	Austria	Group of the Progressive Alliance of Socialists and Democrats in the European Parliament	Sozialdemokratische Partei Österreichs	
Eero HEINÄLUOMA	Finland	Group of the Progressive Alliance of Socialists and Democrats in the European Parliament	Suomen Sosialidemokraattinen Puolue/Finlands Socialdemokratiska Parti	EeroHeinaluoma
Niclas HERBST	Germany	Group of the European People's Party (Christian Democrats)	Christlich Demokratische Union Deutschlands	
Pierrette Gabrielle HERZBERGER-FOFANA	Germany	Group of the Greens/European Free Alliance	Bündnis 90/Die Grünen	
Krzysztof HETMAN	Poland	Group of the European People's Party (Christian Democrats)	Polskie Stronnictwo Ludowe	Hetman_K
Balázs HIDVÉGHI	Hungary	Group of the European People's Party (Christian Democrats)	Fidesz-Magyar Polgári Szövetség-Kereszténydemokrata Néppárt	
Martin HLAVÁ?EK	Czechia	Renew Europe Group	ANO 2011	
Monika HOHLMEIER	Germany	Group of the European People's Party (Christian Democrats)	Christlich-Soziale Union in Bayern e.V.	MHohlmeier
Martin HOJSÍK	Slovakia	Renew Europe Group	Progresívne Slovensko	mhojsik
Pär HOLMGREN	Sweden	Group of the Greens/European Free Alliance	Miljöpartiet de gröna	ParHolmgren
György HÖLVÉNYI	Hungary	Group of the European People's Party (Christian Democrats)	Kereszténydemokrata Néppárt	HolvenyiGyorgy
Alicia HOMS GINEL	Spain	Group of the Progressive Alliance of Socialists and Democrats in the European Parliament	Partido Socialista Obrero Español	
Antony HOOK	United Kingdom	Renew Europe Group	Liberal Democrats	antonyhook
Brice HORTEFEUX	France	Group of the European People's Party (Christian Democrats)	Les Républicains	BriceHortefeux
Martin HORWOOD	United Kingdom	Renew Europe Group	Liberal Democrats	MartinChelt
John HOWARTH	United Kingdom	Group of the Progressive Alliance of Socialists and Democrats in the European Parliament	Labour Party	JohnHowarth1958
Ivo HRISTOV	Bulgaria	Group of the Progressive Alliance of Socialists and Democrats in the European Parliament	Bulgarian Socialist Party	hiivaylo
Danuta Maria HÜBNER	Poland	Group of the European People's Party (Christian Democrats)	Platforma Obywatelska	danutahuebner
Laura HUHTASAARI	Finland	Identity and Democracy Group	Perussuomalaiset	LauraHuhtasaari
Jan HUITEMA	Netherlands	Renew Europe Group	Volkspartij voor Vrijheid en Democratie	jhuitema
Ivars IJABS	Latvia	Renew Europe Group	Att?st?bai/Par!	ijabs
Evin INCIR	Sweden	Group of the Progressive Alliance of Socialists and Democrats in the European Parliament	Arbetarepartiet- Socialdemokraterna	
Sophia in 't VELD	Netherlands	Renew Europe Group	Democraten 66	SophieintVeld
Yannick JADOT	France	Group of the Greens/European Free Alliance	Europe Écologie	yjadot
Peter JAHR	Germany	Group of the European People's Party (Christian Democrats)	Christlich Demokratische Union Deutschlands	peter_jahr
Stasys JAKELI?NAS	Lithuania	Group of the Greens/European Free Alliance	Lietuvos valstie?i? ir žali?j? s?junga	
Patryk JAKI	Poland	European Conservatives and Reformists Group	Solidarna Polska Zbigniewa Ziobro	PatrykJaki
Jean-François JALKH	France	Identity and Democracy Group	Rassemblement national	JFJalkh
France JAMET	France	Identity and Democracy Group	Rassemblement national	MA_Jamet
Lívia JÁRÓKA	Hungary	Group of the European People's Party (Christian Democrats)	Fidesz-Magyar Polgári Szövetség-Kereszténydemokrata Néppárt	JarokaLivia
Adam JARUBAS	Poland	Group of the European People's Party (Christian Democrats)	Polskie Stronnictwo Ludowe	JarubasAdam
Jackie JONES	United Kingdom	Group of the Progressive Alliance of Socialists and Democrats in the European Parliament	Labour Party	PennyJJerald
Agnes JONGERIUS	Netherlands	Group of the Progressive Alliance of Socialists and Democrats in the European Parliament	Partij van de Arbeid	a_jongerius
Christina Sheila JORDAN	United Kingdom	Non-attached Members	The Brexit Party	
Virginie JORON	France	Identity and Democracy Group	Rassemblement national	v_joron
Irena JOVEVA	Slovenia	Renew Europe Group	Lista Marjana Šarca	IJoveva
Rasa JUKNEVI?IEN?	Lithuania	Group of the European People's Party (Christian Democrats)	T?vyn?s s?junga-Lietuvos krikš?ionys demokratai	
Krzysztof JURGIEL	Poland	European Conservatives and Reformists Group	Prawo i Sprawiedliwo??	ministerjurgiel
Eugen JURZYCA	Slovakia	European Conservatives and Reformists Group	Sloboda a Solidarita	EugenJurzyca
Herve JUVIN	France	Identity and Democracy Group	Rassemblement national	HerveJuvin
Eva KAILI	Greece	Group of the Progressive Alliance of Socialists and Democrats in the European Parliament	Panhellenic Socialist Movement - Olive Tree	EvaKaili
Jaros?aw KALINOWSKI	Poland	Group of the European People's Party (Christian Democrats)	Polskie Stronnictwo Ludowe	
Marina KALJURAND	Estonia	Group of the Progressive Alliance of Socialists and Democrats in the European Parliament	Sotsiaaldemokraatlik Erakond	MarinaKaljurand
Sandra KALNIETE	Latvia	Group of the European People's Party (Christian Democrats)	"Partija ""VIENOT?BA"""	Kalniete
Petra KAMMEREVERT	Germany	Group of the Progressive Alliance of Socialists and Democrats in the European Parliament	Sozialdemokratische Partei Deutschlands	SPDEuropa
Radan KANEV	Bulgaria	Group of the European People's Party (Christian Democrats)	Democrats for Strong Bulgaria	rmkanev
Assita KANKO	Belgium	European Conservatives and Reformists Group	Nieuw-Vlaamse Alliantie	Assita_Kanko
Othmar KARAS	Austria	Group of the European People's Party (Christian Democrats)	Österreichische Volkspartei	othmar_karas
Pierre KARLESKIND	France	Renew Europe Group	La République en marche	Pierre_Ka
Karin KARLSBRO	Sweden	Renew Europe Group	Liberalerna	KarinKarlsbro
Professor Karol KARSKI	Poland	European Conservatives and Reformists Group	Prawo i Sprawiedliwo??	
Elsi KATAINEN	Finland	Renew Europe Group	Suomen Keskusta	ElsiKatainen
Manolis KEFALOGIANNIS	Greece	Group of the European People's Party (Christian Democrats)	Nea Demokratia	M_Kefalogiannis
Billy KELLEHER	Ireland	Renew Europe Group	Fianna Fáil Party	BillyKelleherEU
Fabienne KELLER	France	Renew Europe Group	Agir - La Droite constructive	fabienne_keller
Ska KELLER	Germany	Group of the Greens/European Free Alliance	Bündnis 90/Die Grünen	SkaKeller
Seán KELLY	Ireland	Group of the European People's Party (Christian Democrats)	Fine Gael Party	SeanKellyMEP
Beata KEMPA	Poland	European Conservatives and Reformists Group	Solidarna Polska Zbigniewa Ziobro	BeataKempa_KPRM
Jude KIRTON-DARLING	United Kingdom	Group of the Progressive Alliance of Socialists and Democrats in the European Parliament	Labour Party	Jude_KD
Niyazi KIZILYÜREK	Cyprus	Confederal Group of the European United Left - Nordic Green Left	Progressive Party of Working People - Left - New Forces	NKizilyurek
Izabela-Helena KLOC	Poland	European Conservatives and Reformists Group	Prawo i Sprawiedliwo??	
Ond?ej KNOTEK	Czechia	Renew Europe Group	ANO 2011	
Jeppe KOFOD	Denmark	Group of the Progressive Alliance of Socialists and Democrats in the European Parliament	Socialdemokratiet	JeppeKofod
Peter KOFOD	Denmark	Identity and Democracy Group	Dansk Folkeparti	KofodPeter
?ukasz KOHUT	Poland	Group of the Progressive Alliance of Socialists and Democrats in the European Parliament	Wiosna	
Arba KOKALARI	Sweden	Group of the European People's Party (Christian Democrats)	Moderaterna	ArbaKokalari
Petros KOKKALIS	Greece	Confederal Group of the European United Left - Nordic Green Left	Coalition of the Radical Left	PetrosKokkalis
Marcel KOLAJA	Czechia	Group of the Greens/European Free Alliance	PIRÁTI	PiratKolaja
Mislav KOLAKUŠI?	Croatia	Non-attached Members	-	
Kate?ina KONE?NÁ	Czechia	Confederal Group of the European United Left - Nordic Green Left	Komunistická strana ?ech a Moravy	
Athanasios KONSTANTINOU	Greece	Non-attached Members	Popular Association – Golden Dawn	
Ewa KOPACZ	Poland	Group of the European People's Party (Christian Democrats)	Platforma Obywatelska	EwaKopacz
Joanna KOPCI?SKA	Poland	European Conservatives and Reformists Group	Prawo i Sprawiedliwo??	
Moritz KÖRNER	Germany	Renew Europe Group	Freie Demokratische Partei	moritzkoerner
Ádám KÓSA	Hungary	Group of the European People's Party (Christian Democrats)	Fidesz-Magyar Polgári Szövetség-Kereszténydemokrata Néppárt	adamkosamep
Dietmar KÖSTER	Germany	Group of the Progressive Alliance of Socialists and Democrats in the European Parliament	Sozialdemokratische Partei Deutschlands	rille1965
Stelios KOULOGLOU	Greece	Confederal Group of the European United Left - Nordic Green Left	Coalition of the Radical Left	SteliosKoul
Elena KOUNTOURA	Greece	Confederal Group of the European United Left - Nordic Green Left	Coalition of the Radical Left	ElenaKountoura
Ond?ej KOVA?ÍK	Czechia	Renew Europe Group	ANO 2011	
Andrey KOVATCHEV	Bulgaria	Group of the European People's Party (Christian Democrats)	Citizens for European Development of Bulgaria	andreykovatchev
Maximilian KRAH	Germany	Identity and Democracy Group	Alternative für Deutschland	KrahMax
Zdzis?aw KRASNOD?BSKI	Poland	European Conservatives and Reformists Group	Prawo i Sprawiedliwo??	
Constanze KREHL	Germany	Group of the Progressive Alliance of Socialists and Democrats in the European Parliament	Sozialdemokratische Partei Deutschlands	ConstanzeKrehl
El?bieta KRUK	Poland	European Conservatives and Reformists Group	Prawo i Sprawiedliwo??	ElbietaKruk
Andrius KUBILIUS	Lithuania	Group of the European People's Party (Christian Democrats)	T?vyn?s s?junga-Lietuvos krikš?ionys demokratai	AndriusKubilius
Alice KUHNKE	Sweden	Group of the Greens/European Free Alliance	Miljöpartiet de gröna	
Joachim KUHS	Germany	Identity and Democracy Group	Alternative für Deutschland	Joachim_Kuhs
Miapetra KUMPULA-NATRI	Finland	Group of the Progressive Alliance of Socialists and Democrats in the European Parliament	Suomen Sosialidemokraattinen Puolue/Finlands Socialdemokratiska Parti	miapetrakumpula
Zbigniew KU?MIUK	Poland	European Conservatives and Reformists Group	Prawo i Sprawiedliwo??	
Stelios KYMPOUROPOULOS	Greece	Group of the European People's Party (Christian Democrats)	Nea Demokratia	
Georgios KYRTSOS	Greece	Group of the European People's Party (Christian Democrats)	Nea Demokratia	GiorgosKyrtsos
Ilhan KYUCHYUK	Bulgaria	Renew Europe Group	Movement for Rights and Freedoms	ilhankyuchyuk
Sergey LAGODINSKY	Germany	Group of the Greens/European Free Alliance	Bündnis 90/Die Grünen	SLagodinsky
Ioannis LAGOS	Greece	Non-attached Members	Popular Association – Golden Dawn	ioannis_lagos
Aurore LALUCQ	France	Group of the Progressive Alliance of Socialists and Democrats in the European Parliament	Place publique	AuroreLalucq
Philippe LAMBERTS	Belgium	Group of the Greens/European Free Alliance	Ecologistes Confédérés pour l'Organisation de Luttes Originales	ph_lamberts
Oscar LANCINI	Italy	Identity and Democracy Group	Lega	DOscarLancini
Bernd LANGE	Germany	Group of the Progressive Alliance of Socialists and Democrats in the European Parliament	Sozialdemokratische Partei Deutschlands	berndlange
Esther de LANGE	Netherlands	Group of the European People's Party (Christian Democrats)	Christen Democratisch Appèl	Esther_de_Lange
Katrin LANGENSIEPEN	Germany	Group of the Greens/European Free Alliance	Bündnis 90/Die Grünen	klangensiepen
Hélène LAPORTE	France	Identity and Democracy Group	Rassemblement national	HeleneJeanot
Pierre LARROUTUROU	France	Group of the Progressive Alliance of Socialists and Democrats in the European Parliament	Nouvelle Donne	larrouturou
Gilles LEBRETON	France	Identity and Democracy Group	Rassemblement national	Gilles_Lebreton
Julie LECHANTEUX	France	Identity and Democracy Group	Rassemblement national	JLechanteux
David LEGA	Sweden	Group of the European People's Party (Christian Democrats)	Kristdemokraterna	DavidLega
Professor Ryszard Antoni LEGUTKO	Poland	European Conservatives and Reformists Group	Prawo i Sprawiedliwo??	
Maria Manuel LEITÃO MARQUES	Portugal	Group of the Progressive Alliance of Socialists and Democrats in the European Parliament	Partido Socialista	
Jeroen LENAERS	Netherlands	Group of the European People's Party (Christian Democrats)	Christen Democratisch Appèl	jeroen_lenaers
Janusz LEWANDOWSKI	Poland	Group of the European People's Party (Christian Democrats)	Independent	J_Lewandowski
Bogus?aw LIBERADZKI	Poland	Group of the Progressive Alliance of Socialists and Democrats in the European Parliament	Independent	
Peter LIESE	Germany	Group of the European People's Party (Christian Democrats)	Christlich Demokratische Union Deutschlands	peterliese
Sylvia LIMMER	Germany	Identity and Democracy Group	Alternative für Deutschland	
Norbert LINS	Germany	Group of the European People's Party (Christian Democrats)	Christlich Demokratische Union Deutschlands	
Elena LIZZI	Italy	Identity and Democracy Group	Lega	elenalizzi
Nathalie LOISEAU	France	Renew Europe Group	La République en marche	NathalieLoiseau
Morten LØKKEGAARD	Denmark	Renew Europe Group	Venstre, Danmarks Liberale Parti	Loekkegaard_MEP
Naomi LONG	United Kingdom	Renew Europe Group	Alliance Party of Northern Ireland	naomi_long
John LONGWORTH	United Kingdom	Non-attached Members	The Brexit Party	john4brexit
Javi LÓPEZ	Spain	Group of the Progressive Alliance of Socialists and Democrats in the European Parliament	Partit dels Socialistes de Catalunya	fjavilopez
Doktor Professor Juan Fernando LÓPEZ AGUILAR	Spain	Group of the Progressive Alliance of Socialists and Democrats in the European Parliament	Partido Socialista Obrero Español	
Leopoldo LÓPEZ GIL	Spain	Group of the European People's Party (Christian Democrats)	Partido Popular	LeopoldoLopezG
Antonio LÓPEZ-ISTÚRIZ WHITE	Spain	Group of the European People's Party (Christian Democrats)	Partido Popular	TonoEPP
Rupert LOWE	United Kingdom	Non-attached Members	The Brexit Party	RupertLowe10
César LUENA	Spain	Group of the Progressive Alliance of Socialists and Democrats in the European Parliament	Partido Socialista Obrero Español	cesarluena
El?bieta Katarzyna ?UKACIJEWSKA	Poland	Group of the European People's Party (Christian Democrats)	Platforma Obywatelska	
Peter LUNDGREN	Sweden	European Conservatives and Reformists Group	Sverigedemokraterna	
Benoît LUTGEN	Belgium	Group of the European People's Party (Christian Democrats)	Centre Démocrate Humaniste	BenoitLutgen
David McALLISTER	Germany	Group of the European People's Party (Christian Democrats)	Christlich Demokratische Union Deutschlands	davidmcallister
Mairead McGUINNESS	Ireland	Group of the European People's Party (Christian Democrats)	Fine Gael Party	MaireadMcGMEP
Anthea McINTYRE	United Kingdom	European Conservatives and Reformists Group	Conservative Party	anthea_mcintyre
Aileen McLEOD	United Kingdom	Group of the Greens/European Free Alliance	Scottish National Party	AileenMcLeodSNP
Jaak MADISON	Estonia	Identity and Democracy Group	Eesti Konservatiivne Rahvaerakond	JaakMadison
Cristina MAESTRE MARTÍN DE ALMAGRO	Spain	Group of the Progressive Alliance of Socialists and Democrats in the European Parliament	Partido Socialista Obrero Español	crismaestre
Magid MAGID	United Kingdom	Group of the Greens/European Free Alliance	Green Party	MagicMagid
Pierfrancesco MAJORINO	Italy	Group of the Progressive Alliance of Socialists and Democrats in the European Parliament	Partito Democratico	
Aušra MALDEIKIEN?	Lithuania	Group of the European People's Party (Christian Democrats)	Independent	
Adriana MALDONADO LÓPEZ	Spain	Group of the Progressive Alliance of Socialists and Democrats in the European Parliament	Partido Socialista Obrero Español	_AMaldonado_
Claudiu MANDA	Romania	Group of the Progressive Alliance of Socialists and Democrats in the European Parliament	Partidul Social Democrat	Claudiu_Manda
Antonius MANDERS	Netherlands	Group of the European People's Party (Christian Democrats)	50 PLUS	
Lukas MANDL	Austria	Group of the European People's Party (Christian Democrats)	Österreichische Volkspartei	lukasmandl
Thierry MARIANI	France	Identity and Democracy Group	Rassemblement national	ThierryMARIANI
Marian-Jean MARINESCU	Romania	Group of the European People's Party (Christian Democrats)	Partidul Na?ional Liberal	MarianMarinescu
Erik MARQUARDT	Germany	Group of the Greens/European Free Alliance	Bündnis 90/Die Grünen	ErikMarquardt
L-Onor. Margarida MARQUES	Portugal	Group of the Progressive Alliance of Socialists and Democrats in the European Parliament	Partido Socialista	
Pedro MARQUES	Portugal	Group of the Progressive Alliance of Socialists and Democrats in the European Parliament	Partido Socialista	pmdjmarques
Fulvio MARTUSCIELLO	Italy	Group of the European People's Party (Christian Democrats)	Forza Italia	fulviomartuscie
Marisa MATIAS	Portugal	Confederal Group of the European United Left - Nordic Green Left	Bloco de Esquerda	mmatias_
Predrag Fred MATI?	Croatia	Group of the Progressive Alliance of Socialists and Democrats in the European Parliament	Socijaldemokratska partija Hrvatske	
Emmanuel MAUREL	France	Confederal Group of the European United Left - Nordic Green Left	La France Insoumise	emmanuelmaurel
Costas MAVRIDES	Cyprus	Group of the Progressive Alliance of Socialists and Democrats in the European Parliament	Democratic Party	
Radka MAXOVÁ	Czechia	Renew Europe Group	ANO 2011	radkamaxova
Eva MAYDELL	Bulgaria	Group of the European People's Party (Christian Democrats)	Citizens for European Development of Bulgaria	EvaMaydell
dr hab. Georg MAYER	Austria	Identity and Democracy Group	Freiheitliche Partei Österreichs	
Beata MAZUREK	Poland	European Conservatives and Reformists Group	Prawo i Sprawiedliwo??	beatamk
Doktor Professor Liudas MAŽYLIS	Lithuania	Group of the European People's Party (Christian Democrats)	T?vyn?s s?junga-Lietuvos krikš?ionys demokratai	
Vangelis MEIMARAKIS	Greece	Group of the European People's Party (Christian Democrats)	Nea Demokratia	
Dace MELB?RDE	Latvia	European Conservatives and Reformists Group	"Nacion?l? apvien?ba ""Visu Latvijai!""-""T?vzemei un Br?v?bai/LNNK"""	
Karen MELCHIOR	Denmark	Renew Europe Group	Det Radikale Venstre	karmel80
Joëlle MÉLIN	France	Identity and Democracy Group	Rassemblement national	JoelleMelinRN
Nuno MELO	Portugal	Group of the European People's Party (Christian Democrats)	Partido do Centro Democrático Social-Partido Popular	nhmelo
Roberta METSOLA	Malta	Group of the European People's Party (Christian Democrats)	Partit Nazzjonalista	RobertaMetsola
Tilly METZ	Luxembourg	Group of the Greens/European Free Alliance	Déi Gréng - Les Verts	tillymetzwhite
Jörg MEUTHEN	Germany	Identity and Democracy Group	Alternative für Deutschland	Joerg_Meuthen
Martina MICHELS	Germany	Confederal Group of the European United Left - Nordic Green Left	DIE LINKE.	martina_michels
Iskra MIHAYLOVA	Bulgaria	Renew Europe Group	Movement for Rights and Freedoms	Iskra_Mihaylova
Sven MIKSER	Estonia	Group of the Progressive Alliance of Socialists and Democrats in the European Parliament	Sotsiaaldemokraatlik Erakond	svenmikser
Giuseppe MILAZZO	Italy	Group of the European People's Party (Christian Democrats)	Forza Italia	G_Milazzo
Francisco José MILLÁN MON	Spain	Group of the European People's Party (Christian Democrats)	Partido Popular	
Leszek MILLER	Poland	Group of the Progressive Alliance of Socialists and Democrats in the European Parliament	Sojusz Lewicy Demokratycznej	LeszekMiller
Baroness Nosheena MOBARIK	United Kingdom	European Conservatives and Reformists Group	Conservative Party	NosheenaMobarik
Silvia MODIG	Finland	Confederal Group of the European United Left - Nordic Green Left	Vasemmistoliitto	silviamodig
Shaffaq MOHAMMED	United Kingdom	Renew Europe Group	Liberal Democrats	shaffaqmohd
Csaba MOLNÁR	Hungary	Group of the Progressive Alliance of Socialists and Democrats in the European Parliament	Demokratikus Koalíció	CsabaMolnar50
Cláudia MONTEIRO DE AGUIAR	Portugal	Group of the European People's Party (Christian Democrats)	Partido Social Democrata	cmonteiroaguiar
Brian MONTEITH	United Kingdom	Non-attached Members	The Brexit Party	TheBluetrot
Dolors MONTSERRAT	Spain	Group of the European People's Party (Christian Democrats)	Partido Popular	DolorsMM
Claude MORAES	United Kingdom	Group of the Progressive Alliance of Socialists and Democrats in the European Parliament	Labour Party	Claude_Moraes
Nadine MORANO	France	Group of the European People's Party (Christian Democrats)	Les Républicains	nadine__morano
Javier MORENO SÁNCHEZ	Spain	Group of the Progressive Alliance of Socialists and Democrats in the European Parliament	Partido Socialista Obrero Español	
Alessandra MORETTI	Italy	Group of the Progressive Alliance of Socialists and Democrats in the European Parliament	Partito Democratico	ale_moretti
Marlene MORTLER	Germany	Group of the European People's Party (Christian Democrats)	Christlich-Soziale Union in Bayern e.V.	MimiMortler
Dan-?tefan MOTREANU	Romania	Group of the European People's Party (Christian Democrats)	Partidul Na?ional Liberal	
And?elika Anna MO?D?ANOWSKA	Poland	European Conservatives and Reformists Group	Prawo i Sprawiedliwo??	
Ulrike MÜLLER	Germany	Renew Europe Group	Freie Wähler	UliMuellerMdEP
June Alison MUMMERY	United Kingdom	Non-attached Members	The Brexit Party	june_mummery
Siegfried MURE?AN	Romania	Group of the European People's Party (Christian Democrats)	Partidul Na?ional Liberal	SMuresan
Caroline NAGTEGAAL	Netherlands	Renew Europe Group	Volkspartij voor Vrijheid en Democratie	C_Nagtegaal
Javier NART	Spain	Renew Europe Group	Ciudadanos – Partido de la Ciudadanía	
Lucy NETHSINGHA	United Kingdom	Renew Europe Group	Liberal Democrats	LNethsingha
Hannah NEUMANN	Germany	Group of the Greens/European Free Alliance	Bündnis 90/Die Grünen	Hannah_LBerg
Norbert NEUSER	Germany	Group of the Progressive Alliance of Socialists and Democrats in the European Parliament	Sozialdemokratische Partei Deutschlands	
Bill NEWTON DUNN	United Kingdom	Renew Europe Group	Liberal Democrats	billnewtondunn
Dan NICA	Romania	Group of the Progressive Alliance of Socialists and Democrats in the European Parliament	Partidul Social Democrat	DanTaeSoon
Professor Doktor Angelika NIEBLER	Germany	Group of the European People's Party (Christian Democrats)	Christlich-Soziale Union in Bayern e.V.	
Lud?k NIEDERMAYER	Czechia	Group of the European People's Party (Christian Democrats)	TOP 09 a Starostové	LudekNie
Niklas NIENASS	Germany	Group of the Greens/European Free Alliance	Bündnis 90/Die Grünen	nnienass
Ville NIINISTÖ	Finland	Group of the Greens/European Free Alliance	Vihreä liitto	VilleNiinisto
Lefteris NIKOLAOU-ALAVANOS	Greece	Non-attached Members	Communist Party of Greece	
Maria NOICHL	Germany	Group of the Progressive Alliance of Socialists and Democrats in the European Parliament	Sozialdemokratische Partei Deutschlands	MariaNoichl
Ljudmila NOVAK	Slovenia	Group of the European People's Party (Christian Democrats)	Nova Slovenija – Krš?anski demokrati	LjudmilaNovak
Andrey NOVAKOV	Bulgaria	Group of the European People's Party (Christian Democrats)	Citizens for European Development of Bulgaria	AndreyNovakov
Grace O'SULLIVAN	Ireland	Group of the Greens/European Free Alliance	Green Party	GraceOSllvn
Janina OCHOJSKA	Poland	Group of the European People's Party (Christian Democrats)	Bezpartyjna	JaninaOchojska
Jan-Christoph OETJEN	Germany	Renew Europe Group	Freie Demokratische Partei	jcoetjen
Jan OLBRYCHT	Poland	Group of the European People's Party (Christian Democrats)	Platforma Obywatelska	JanOlbrycht
Juozas OLEKAS	Lithuania	Group of the Progressive Alliance of Socialists and Democrats in the European Parliament	Lietuvos socialdemokrat? partija	OlekasJuozas
Philippe OLIVIER	France	Identity and Democracy Group	Rassemblement national	pocrepin
Younous OMARJEE	France	Confederal Group of the European United Left - Nordic Green Left	La France Insoumise	younousomarjee
Henrik OVERGAARD NIELSEN	United Kingdom	Non-attached Members	The Brexit Party	brexithenrik
Urmas PAET	Estonia	Renew Europe Group	Eesti Reformierakond	Urmaspaet
Maite PAGAZAURTUNDÚA	Spain	Renew Europe Group	Delegación Ciudadanos Europeos	maitepagaza
Rory PALMER	United Kingdom	Group of the Progressive Alliance of Socialists and Democrats in the European Parliament	Labour Party	Rory_Palmer
Alessandro PANZA	Italy	Identity and Democracy Group	Lega	Ale_panza
Demetris PAPADAKIS	Cyprus	Group of the Progressive Alliance of Socialists and Democrats in the European Parliament	Movement for Social Democracy EDEK	DemPapadakis
Konstantinos PAPADAKIS	Greece	Non-attached Members	Communist Party of Greece	
Dimitrios PAPADIMOULIS	Greece	Confederal Group of the European United Left - Nordic Green Left	Coalition of the Radical Left	papadimoulis
Aldo PATRICIELLO	Italy	Group of the European People's Party (Christian Democrats)	Forza Italia	PatricielloAldo
Matthew PATTEN	United Kingdom	Non-attached Members	The Brexit Party	math_patten
Jutta PAULUS	Germany	Group of the Greens/European Free Alliance	Bündnis 90/Die Grünen	JuttaPaulusRLP
Piernicola PEDICINI	Italy	Non-attached Members	Movimento 5 Stelle	PediciniM5S
Kris PEETERS	Belgium	Group of the European People's Party (Christian Democrats)	Christen-Democratisch & Vlaams	peeters_kris1
Mauri PEKKARINEN	Finland	Renew Europe Group	Suomen Keskusta	PekkarinenMauri
Mikuláš PEKSA	Czechia	Group of the Greens/European Free Alliance	PIRÁTI	
Anne-Sophie PELLETIER	France	Confederal Group of the European United Left - Nordic Green Left	La France Insoumise	ASPelletier
Tsvetelina PENKOVA	Bulgaria	Group of the Progressive Alliance of Socialists and Democrats in the European Parliament	Bulgarian Socialist Party	tsvetelinapenk1
Sandra PEREIRA	Portugal	Confederal Group of the European United Left - Nordic Green Left	Partido Comunista Português	SPereira64600
Lídia PEREIRA	Portugal	Group of the European People's Party (Christian Democrats)	Partido Social Democrata	lidiafopereira
Kira Marie PETER-HANSEN	Denmark	Group of the Greens/European Free Alliance	Socialistisk Folkeparti	Kira_MPH
Morten Helveg PETERSEN	Denmark	Renew Europe Group	Det Radikale Venstre	mortenhelveg
Alexandra Louise Rosenfield PHILLIPS	United Kingdom	Group of the Greens/European Free Alliance	Green Party	
Alexandra Lesley PHILLIPS	United Kingdom	Non-attached Members	The Brexit Party	BrexitAlex
Pina PICIERNO	Italy	Group of the Progressive Alliance of Socialists and Democrats in the European Parliament	Partito Democratico	pinapic
Tonino PICULA	Croatia	Group of the Progressive Alliance of Socialists and Democrats in the European Parliament	Socijaldemokratska partija Hrvatske	TPicula
Markus PIEPER	Germany	Group of the European People's Party (Christian Democrats)	Christlich Demokratische Union Deutschlands	markuspieperMEP
Sirpa PIETIKÄINEN	Finland	Group of the European People's Party (Christian Democrats)	Kansallinen Kokoomus	spietikainen
Sabrina PIGNEDOLI	Italy	Non-attached Members	Movimento 5 Stelle	SabriPignedoli
Manu PINEDA MARÍN	Spain	Confederal Group of the European United Left - Nordic Green Left	PODEMOS	Manu_Abu_Carlos
Maxette PIRBAKAS	France	Identity and Democracy Group	Rassemblement national	
Kati PIRI	Netherlands	Group of the Progressive Alliance of Socialists and Democrats in the European Parliament	Partij van de Arbeid	KatiPiri
Giuliano PISAPIA	Italy	Group of the Progressive Alliance of Socialists and Democrats in the European Parliament	Partito Democratico	giulianopisapia
Drago? PÎSLARU	Romania	Renew Europe Group	Partidul Libertate, Unitate ?i Solidaritate	dragosh_pislaru
Manuel PIZARRO	Portugal	Group of the Progressive Alliance of Socialists and Democrats in the European Parliament	Partido Socialista	mpizarromusica
Rovana PLUMB	Romania	Group of the Progressive Alliance of Socialists and Democrats in the European Parliament	Partidul Social Democrat	rovanaplumb
Stanislav POL?ÁK	Czechia	Group of the European People's Party (Christian Democrats)	Starostové a nezávisli	
Jessica POLFJÄRD	Sweden	Group of the European People's Party (Christian Democrats)	Moderaterna	
Peter POLLÁK	Slovakia	Group of the European People's Party (Christian Democrats)	Oby?ajní ?udia a nezávislé osobnosti	petergpollak
Tomasz Piotr POR?BA	Poland	European Conservatives and Reformists Group	Prawo i Sprawiedliwo??	
Luisa PORRITT	United Kingdom	Renew Europe Group	Liberal Democrats	LuisaPorritt
Ji?í POSPÍŠIL	Czechia	Group of the European People's Party (Christian Democrats)	TOP 09 a Starostové	
Nicola PROCACCINI	Italy	European Conservatives and Reformists Group	Fratelli d'Italia	NProcaccini
Jake PUGH	United Kingdom	Non-attached Members	The Brexit Party	RCWAJakeRyan
Miroslav RADA?OVSKÝ	Slovakia	Non-attached Members	Independent	
Emil RADEV	Bulgaria	Group of the European People's Party (Christian Democrats)	Citizens for European Development of Bulgaria	Emil_Radev
Dennis RADTKE	Germany	Group of the European People's Party (Christian Democrats)	Christlich Demokratische Union Deutschlands	RadtkeMdEP
Samira RAFAELA	Netherlands	Renew Europe Group	Democraten 66	samiraraf
El?bieta RAFALSKA	Poland	European Conservatives and Reformists Group	Prawo i Sprawiedliwo??	E_Rafalska
Paulo RANGEL	Portugal	Group of the European People's Party (Christian Democrats)	Partido Social Democrata	PauloRangel_pt
Annunziata Mary REES-MOGG	United Kingdom	Non-attached Members	The Brexit Party	
Luisa REGIMENTI	Italy	Identity and Democracy Group	Lega	luisaregimenti
Evelyn REGNER	Austria	Group of the Progressive Alliance of Socialists and Democrats in the European Parliament	Sozialdemokratische Partei Österreichs	Evelyn_Regner
Sira REGO	Spain	Confederal Group of the European United Left - Nordic Green Left	PODEMOS	sirarego
Guido REIL	Germany	Identity and Democracy Group	Alternative für Deutschland	GuidoReil
Terry REINTKE	Germany	Group of the Greens/European Free Alliance	Bündnis 90/Die Grünen	TerryReintke
Karlo RESSLER	Croatia	Group of the European People's Party (Christian Democrats)	Hrvatska demokratska zajednica	KarloRessler
Diana RIBA I GINER	Spain	Group of the Greens/European Free Alliance	Esquerra Republicana de Catalunya	DianaRibaGiner
Frédérique RIES	Belgium	Renew Europe Group	Mouvement Réformateur	Frederiqueries
Antonio Maria RINALDI	Italy	Identity and Democracy Group	Lega	
Dominique RIQUET	France	Renew Europe Group	Mouvement Radical Social-Libéral	DominiqueRiquet
Sheila RITCHIE	United Kingdom	Renew Europe Group	Liberal Democrats	europesheila
Michèle RIVASI	France	Group of the Greens/European Free Alliance	Europe Écologie	MicheleRivasi
Jérôme RIVIÈRE	France	Identity and Democracy Group	Rassemblement national	jerome_riviere
Franco ROBERTI	Italy	Group of the Progressive Alliance of Socialists and Democrats in the European Parliament	Partito Democratico	francorobertieu
Inma RODRÍGUEZ-PIÑERO	Spain	Group of the Progressive Alliance of Socialists and Democrats in the European Parliament	Partido Socialista Obrero Español	
Eugenia RODRÍGUEZ PALOP	Spain	Confederal Group of the European United Left - Nordic Green Left	PODEMOS	MEugeniaRPalop
María Soraya RODRÍGUEZ RAMOS	Spain	Renew Europe Group	Ciudadanos – Partido de la Ciudadanía	sorayarr_
Sándor RÓNAI	Hungary	Group of the Progressive Alliance of Socialists and Democrats in the European Parliament	Demokratikus Koalíció	sandor_ronai
Daniela RONDINELLI	Italy	Non-attached Members	Movimento 5 Stelle	Dani_Rondinelli
Rob ROOKEN	Netherlands	European Conservatives and Reformists Group	Forum voor Democratie	
Robert ROOS	Netherlands	European Conservatives and Reformists Group	Forum voor Democratie	Systemcrush
Caroline ROOSE	France	Group of the Greens/European Free Alliance	Alliance Écologiste Indépendante	Caroline_006
Bronis ROP?	Lithuania	Group of the Greens/European Free Alliance	Lietuvos valstie?i? ir žali?j? s?junga	BronisRopeLT
André ROUGÉ	France	Identity and Democracy Group	Rassemblement national	theandrerouge
Catherine ROWETT	United Kingdom	Group of the Greens/European Free Alliance	Green Party	catherinerowett
Robert ROWLAND	United Kingdom	Non-attached Members	The Brexit Party	RowlandBrexitSE
Bert-Jan RUISSEN	Netherlands	European Conservatives and Reformists Group	Staatkundig Gereformeerde Partij	hjaruissen
Domènec RUIZ DEVESA	Spain	Group of the Progressive Alliance of Socialists and Democrats in the European Parliament	Partido Socialista Obrero Español	DomenecD
Bogdan RZO?CA	Poland	European Conservatives and Reformists Group	Prawo i Sprawiedliwo??	
Massimiliano SALINI	Italy	Group of the European People's Party (Christian Democrats)	Forza Italia	MaxSalini
Nacho SÁNCHEZ AMOR	Spain	Group of the Progressive Alliance of Socialists and Democrats in the European Parliament	Partido Socialista Obrero Español	NachoSAmor
Anne SANDER	France	Group of the European People's Party (Christian Democrats)	Les Républicains	ASanderMEP
Alfred SANT	Malta	Group of the Progressive Alliance of Socialists and Democrats in the European Parliament	Partit Laburista	SantAlfred
Isabel SANTOS	Portugal	Group of the Progressive Alliance of Socialists and Democrats in the European Parliament	Partido Socialista	mmatias_
Silvia SARDONE	Italy	Identity and Democracy Group	Lega	SardoneSilvia
Petri SARVAMAA	Finland	Group of the European People's Party (Christian Democrats)	Kansallinen Kokoomus	petrisarvamaa
Jacek SARYUSZ-WOLSKI	Poland	European Conservatives and Reformists Group	Prawo i Sprawiedliwo??	JSaryuszWolski
David-Maria SASSOLI	Italy	Group of the Progressive Alliance of Socialists and Democrats in the European Parliament	Partito Democratico	DavidSassoli
Mounir SATOURI	France	Group of the Greens/European Free Alliance	Europe Écologie	MounirSatouri
Christel SCHALDEMOSE	Denmark	Group of the Progressive Alliance of Socialists and Democrats in the European Parliament	Socialdemokratiet	SchaldemoseMEP
Mag. Andreas SCHIEDER	Austria	Group of the Progressive Alliance of Socialists and Democrats in the European Parliament	Sozialdemokratische Partei Österreichs	
Martin SCHIRDEWAN	Germany	Confederal Group of the European United Left - Nordic Green Left	DIE LINKE.	schirdewan
Simone SCHMIEDTBAUER	Austria	Group of the European People's Party (Christian Democrats)	Österreichische Volkspartei	
Nicolas SCHMIT	Luxembourg	Group of the Progressive Alliance of Socialists and Democrats in the European Parliament	Parti ouvrier socialiste luxembourgeois	nicolasschmit2
Christine SCHNEIDER	Germany	Group of the European People's Party (Christian Democrats)	Christlich Demokratische Union Deutschlands	ChSchneider
Helmut SCHOLZ	Germany	Confederal Group of the European United Left - Nordic Green Left	DIE LINKE.	HelmutScholzMEP
Annie SCHREIJER-PIERIK	Netherlands	Group of the European People's Party (Christian Democrats)	Christen Democratisch Appèl	AnnieSchreijer
Liesje SCHREINEMACHER	Netherlands	Renew Europe Group	Volkspartij voor Vrijheid en Democratie	LSchreinemacher
Sven SCHULZE	Germany	Group of the European People's Party (Christian Democrats)	Christlich Demokratische Union Deutschlands	schulzeeuropa
Joachim SCHUSTER	Germany	Group of the Progressive Alliance of Socialists and Democrats in the European Parliament	Sozialdemokratische Partei Deutschlands	joachimschuster
Andreas SCHWAB	Germany	Group of the European People's Party (Christian Democrats)	Christlich Demokratische Union Deutschlands	Andreas_Schwab
Molly SCOTT CATO	United Kingdom	Group of the Greens/European Free Alliance	Green Party	MollyMEP
Ralf SEEKATZ	Germany	Group of the European People's Party (Christian Democrats)	Christlich Demokratische Union Deutschlands	
Stéphane SÉJOURNÉ	France	Renew Europe Group	La République en marche	steph_sejourne
Monica SEMEDO	Luxembourg	Renew Europe Group	Parti démocratique	MonicaSemedoLux
Nico SEMSROTT	Germany	Group of the Greens/European Free Alliance	Die PARTEI	nicosemsrott
Günther SIDL	Austria	Group of the Progressive Alliance of Socialists and Democrats in the European Parliament	Sozialdemokratische Partei Österreichs	
Rados?aw SIKORSKI	Poland	Group of the European People's Party (Christian Democrats)	Platforma Obywatelska	
Pedro SILVA PEREIRA	Portugal	Group of the Progressive Alliance of Socialists and Democrats in the European Parliament	Partido Socialista	Pedrohe83080498
Michal ŠIME?KA	Slovakia	Renew Europe Group	Progresívne Slovensko	
Professor Doktor Sven SIMON	Germany	Group of the European People's Party (Christian Democrats)	Christlich Demokratische Union Deutschlands	
Ivan Vilibor SIN?I?	Croatia	Non-attached Members	Živi Zid	
Birgit SIPPEL	Germany	Group of the Progressive Alliance of Socialists and Democrats in the European Parliament	Sozialdemokratische Partei Deutschlands	BirgitSippelMEP
Sara SKYTTEDAL	Sweden	Group of the European People's Party (Christian Democrats)	Kristdemokraterna	skyttedal
Andrey SLABAKOV	Bulgaria	European Conservatives and Reformists Group	VMRO	
Massimiliano SMERIGLIO	Italy	Group of the Progressive Alliance of Socialists and Democrats in the European Parliament	Partito Democratico	maxsmeriglio
Alyn SMITH	United Kingdom	Group of the Greens/European Free Alliance	Scottish National Party	AlynSmith
Michaela ŠOJDROVÁ	Czechia	Group of the European People's Party (Christian Democrats)	K?es?anská a demokratická unie - ?eskoslovenská strana lidová	
Tomislav SOKOL	Croatia	Group of the European People's Party (Christian Democrats)	Hrvatska demokratska zajednica	TomislavSokol
Susana SOLÍS PÉREZ	Spain	Renew Europe Group	Ciudadanos – Partido de la Ciudadanía	sperezsolis1
Martin SONNEBORN	Germany	Non-attached Members	Die PARTEI	MartinSonneborn
Sylwia SPUREK	Poland	Group of the Progressive Alliance of Socialists and Democrats in the European Parliament	Wiosna	SylwiaSpurek
Maria SPYRAKI	Greece	Group of the European People's Party (Christian Democrats)	Nea Demokratia	MariaSpyraki
Raffaele STANCANELLI	Italy	European Conservatives and Reformists Group	Fratelli d'Italia	r_stancanelli
Sergei STANISHEV	Bulgaria	Group of the Progressive Alliance of Socialists and Democrats in the European Parliament	Bulgarian Socialist Party	SergeiStanishev
Louis STEDMAN-BRYCE	United Kingdom	Non-attached Members	The Brexit Party	Lstedmanbryce
Ivan ŠTEFANEC	Slovakia	Group of the European People's Party (Christian Democrats)	Kres?anskodemokratické hnutie	
Nicolae ?TEF?NU?A	Romania	Renew Europe Group	Uniunea Salva?i România	
Jessica STEGRUD	Sweden	European Conservatives and Reformists Group	Sverigedemokraterna	JessicaStegrud
Tineke STRIK	Netherlands	Group of the Greens/European Free Alliance	GroenLinks	Tineke_Strik
Ramona STRUGARIU	Romania	Renew Europe Group	Partidul Libertate, Unitate ?i Solidaritate	RamonaStrugariu
Professor Dubravka ŠUICA	Croatia	Group of the European People's Party (Christian Democrats)	Hrvatska demokratska zajednica	
József SZÁJER	Hungary	Group of the European People's Party (Christian Democrats)	Fidesz-Magyar Polgári Szövetség-Kereszténydemokrata Néppárt	
Beata SZYD?O	Poland	European Conservatives and Reformists Group	Prawo i Sprawiedliwo??	
Antonio TAJANI	Italy	Group of the European People's Party (Christian Democrats)	Forza Italia	Antonio_Tajani
Paul TANG	Netherlands	Group of the Progressive Alliance of Socialists and Democrats in the European Parliament	Partij van de Arbeid	paultang
Marc TARABELLA	Belgium	Group of the Progressive Alliance of Socialists and Democrats in the European Parliament	Parti Socialiste	marctarabella
Annalisa TARDINO	Italy	Identity and Democracy Group	Lega	TardinoAnnalisa
Vera TAX	Netherlands	Group of the Progressive Alliance of Socialists and Democrats in the European Parliament	Partij van de Arbeid	Vera_Tax
John David Edward TENNANT	United Kingdom	Non-attached Members	The Brexit Party	
Cristian TERHE?	Romania	Group of the Progressive Alliance of Socialists and Democrats in the European Parliament	Partidul Social Democrat	CristianTerhes
Hermann TERTSCH	Spain	European Conservatives and Reformists Group	VOX	hermanntertsch
Barbara THALER	Austria	Group of the European People's Party (Christian Democrats)	Österreichische Volkspartei	thalerbarbara
Ró?a THUN UND HOHENSTEIN	Poland	Group of the European People's Party (Christian Democrats)	Platforma Obywatelska	rozathun
Richard James TICE	United Kingdom	Non-attached Members	The Brexit Party	TiceRichard
Frans TIMMERMANS	Netherlands	Group of the Progressive Alliance of Socialists and Democrats in the European Parliament	Partij van de Arbeid	TimmermansEU
Irene TINAGLI	Italy	Group of the Progressive Alliance of Socialists and Democrats in the European Parliament	Partito Democratico	itinagli
Tomas TOBÉ	Sweden	Group of the European People's Party (Christian Democrats)	Moderaterna	tomastobe
Grzegorz TOBISZOWSKI	Poland	European Conservatives and Reformists Group	Prawo i Sprawiedliwo??	tobiszowski
Patrizia TOIA	Italy	Group of the Progressive Alliance of Socialists and Democrats in the European Parliament	Partito Democratico	toiapatrizia
Irène TOLLERET	France	Renew Europe Group	Liste Rennaisance	ITolleret
Eugen TOMAC	Romania	Group of the European People's Party (Christian Democrats)	Partidul Mi?carea Popular?	eugen_tomac
Valdemar TOMAŠEVSKI	Lithuania	European Conservatives and Reformists Group	Lietuvos lenk? rinkim? akcija – Krikš?ionišk? šeim? s?junga	
Ruža TOMAŠI?	Croatia	European Conservatives and Reformists Group	Independent	
Romana TOMC	Slovenia	Group of the European People's Party (Christian Democrats)	Slovenska demokratska stranka	RomanaTomc
Yana TOOM	Estonia	Renew Europe Group	Eesti Keskerakond	YanaToom
Nils TORVALDS	Finland	Renew Europe Group	Svenska folkpartiet	NilsTorvalds
Evžen TOŠENOVSKÝ	Czechia	European Conservatives and Reformists Group	Ob?anská demokratická strana	
Edina TÓTH	Hungary	Group of the European People's Party (Christian Democrats)	Fidesz-Magyar Polgári Szövetség-Kereszténydemokrata Néppárt	toth_edina
Marie TOUSSAINT	France	Group of the Greens/European Free Alliance	Europe Écologie	marietouss1
Isabella TOVAGLIERI	Italy	Identity and Democracy Group	Lega	isatovaglieri
Professor Véronique TRILLET-LENOIR	France	Renew Europe Group	Liste Rennaisance	
László TRÓCSÁNYI	Hungary	Group of the European People's Party (Christian Democrats)	Fidesz-Magyar Polgári Szövetség-Kereszténydemokrata Néppárt	trocsanyi
Drago? TUDORACHE	Romania	Renew Europe Group	Partidul Libertate, Unitate ?i Solidaritate	fk1blow
Mihai TUDOSE	Romania	Group of the Progressive Alliance of Socialists and Democrats in the European Parliament	PRO Romania	MihaiTudosePM
Milan UHRÍK	Slovakia	Non-attached Members	Kotleba – ?udová strana Naše Slovensko	Milan_Uhrik
István UJHELYI	Hungary	Group of the Progressive Alliance of Socialists and Democrats in the European Parliament	Magyar Szocialista Párt	istvan_ujhelyi
Miguel URBÁN CRESPO	Spain	Confederal Group of the European United Left - Nordic Green Left	PODEMOS	MiguelUrban
Ernest URTASUN	Spain	Group of the Greens/European Free Alliance	Catalunya en Comú	ernesturtasun
Nils UŠAKOVS	Latvia	Group of the Progressive Alliance of Socialists and Democrats in the European Parliament	"""Saska?a"" soci?ldemokr?tisk? partija"	
Viktor USPASKICH	Lithuania	Renew Europe Group	Darbo partija	ViktorUspaskich
Inese VAIDERE	Latvia	Group of the European People's Party (Christian Democrats)	"Partija ""VIENOT?BA"""	IneseVaidere
Adina-Ioana V?LEAN	Romania	Group of the European People's Party (Christian Democrats)	Partidul Na?ional Liberal	
Monika VANA	Austria	Group of the Greens/European Free Alliance	Die Grünen - Die Grüne Alternative	MonikaVana
Kathleen VAN BREMPT	Belgium	Group of the Progressive Alliance of Socialists and Democrats in the European Parliament	Socialistische Partij.Anders	kvanbrempt
Tom VANDENDRIESSCHE	Belgium	Identity and Democracy Group	Vlaams Belang	
Geoffrey VAN ORDEN	United Kingdom	European Conservatives and Reformists Group	Conservative Party	
Johan VAN OVERTVELDT	Belgium	European Conservatives and Reformists Group	Nieuw-Vlaamse Alliantie	jvanovertveldt
Kim VAN SPARRENTAK	Netherlands	Group of the Greens/European Free Alliance	GroenLinks	kimvsparrentak
Hilde VAUTMANS	Belgium	Renew Europe Group	Open Vlaamse Liberalen en Democraten	hildevautmans
Marie-Pierre VEDRENNE	France	Renew Europe Group	Mouvement Démocrate	MariePierreV
Kyriakos VELOPOULOS	Greece	European Conservatives and Reformists Group	Elliniki Lusi-Greek Solution	
Sabine VERHEYEN	Germany	Group of the European People's Party (Christian Democrats)	Christlich Demokratische Union Deutschlands	sabineverheyen
Guy VERHOFSTADT	Belgium	Renew Europe Group	Open Vlaamse Liberalen en Democraten	guyverhofstadt
Harald VILIMSKY	Austria	Identity and Democracy Group	Freiheitliche Partei Österreichs	vilimsky
Idoia VILLANUEVA RUIZ	Spain	Confederal Group of the European United Left - Nordic Green Left	PODEMOS	IdoiaVR
Nikolaj VILLUMSEN	Denmark	Confederal Group of the European United Left - Nordic Green Left	Enhedslisten	nvillumsen
Lorant-Gyorgy VINCZE	Romania	Group of the European People's Party (Christian Democrats)	Uniunea Democrat? Maghiar? din România	
Henna VIRKKUNEN	Finland	Group of the European People's Party (Christian Democrats)	Kansallinen Kokoomus	HennaVirkkunen
Petar VITANOV	Bulgaria	Group of the Progressive Alliance of Socialists and Democrats in the European Parliament	Bulgarian Socialist Party	PVitanov
Caroline VOADEN	United Kingdom	Renew Europe Group	Liberal Democrats	CarolineVoaden
Bettina VOLLATH	Austria	Group of the Progressive Alliance of Socialists and Democrats in the European Parliament	Sozialdemokratische Partei Österreichs	
Viola VON CRAMON-TAUBADEL	Germany	Group of the Greens/European Free Alliance	Bündnis 90/Die Grünen	
Alexandr VONDRA	Czechia	European Conservatives and Reformists Group	Ob?anská demokratická strana	AlexandrVondra
Irina VON WIESE	United Kingdom	Renew Europe Group	Liberal Democrats	IrinavonWiese
Axel VOSS	Germany	Group of the European People's Party (Christian Democrats)	Christlich Demokratische Union Deutschlands	AxelVossMdEP
Elissavet VOZEMBERG-VRIONIDI	Greece	Group of the European People's Party (Christian Democrats)	Nea Demokratia	vozemberg
Veronika VRECIONOVÁ	Czechia	European Conservatives and Reformists Group	Ob?anská demokratická strana	vrecionova
Lucia VUOLO	Italy	Identity and Democracy Group	Lega	LuciaVuoloEU
Mick WALLACE	Ireland	Confederal Group of the European United Left - Nordic Green Left	Independents for change	wallacemick
Maria WALSH	Ireland	Group of the European People's Party (Christian Democrats)	Fine Gael Party	MariaWalshEU
Marion WALSMANN	Germany	Group of the European People's Party (Christian Democrats)	Christlich Demokratische Union Deutschlands	MarionWalsmann
Jörgen WARBORN	Sweden	Group of the European People's Party (Christian Democrats)	Moderaterna	jorgenwarborn
Julie WARD	United Kingdom	Group of the Progressive Alliance of Socialists and Democrats in the European Parliament	Labour Party	julie4nw
Witold Jan WASZCZYKOWSKI	Poland	European Conservatives and Reformists Group	Prawo i Sprawiedliwo??	
Manfred WEBER	Germany	Group of the European People's Party (Christian Democrats)	Christlich-Soziale Union in Bayern e.V.	ManfredWeber
Charlie WEIMERS	Sweden	European Conservatives and Reformists Group	Sverigedemokraterna	weimers
Pernille WEISS	Denmark	Group of the European People's Party (Christian Democrats)	Det Konservative Folkeparti	WeissPernille
James WELLS	United Kingdom	Non-attached Members	The Brexit Party	JSHeappey
Right Honourable Ann WIDDECOMBE	United Kingdom	Non-attached Members	The Brexit Party	
Rainer WIELAND	Germany	Group of the European People's Party (Christian Democrats)	Christlich Demokratische Union Deutschlands	RainerWieland
Sarah WIENER	Austria	Group of the Greens/European Free Alliance	Die Grünen - Die Grüne Alternative	hannah__vibe
Michal WIEZIK	Slovakia	Group of the European People's Party (Christian Democrats)	Independent	
Iuliu WINKLER	Romania	Group of the European People's Party (Christian Democrats)	Uniunea Democrat? Maghiar? din România	IuliuWinkler
Angelika WINZIG	Austria	Group of the European People's Party (Christian Democrats)	Österreichische Volkspartei	AngelikaWinzig
Isabel WISELER-LIMA	Luxembourg	Group of the European People's Party (Christian Democrats)	Parti chrétien social luxembourgeois	iwiseler
Jadwiga WI?NIEWSKA	Poland	European Conservatives and Reformists Group	Prawo i Sprawiedliwo??	
Tiemo WÖLKEN	Germany	Group of the Progressive Alliance of Socialists and Democrats in the European Parliament	Sozialdemokratische Partei Deutschlands	woelken
Salima YENBOU	France	Group of the Greens/European Free Alliance	Europe Écologie	salima_yenbou
Stéphanie YON-COURTIN	France	Renew Europe Group	-	s_yoncourtin
Elena YONCHEVA	Bulgaria	Group of the Progressive Alliance of Socialists and Democrats in the European Parliament	Bulgarian Socialist Party	elyoncheva
Chrysoula ZACHAROPOULOU	France	Renew Europe Group	La République en marche	CZacharopoulou
Theodoros ZAGORAKIS	Greece	Group of the European People's Party (Christian Democrats)	Nea Demokratia	pedrhoza
Jan ZAHRADIL	Czechia	European Conservatives and Reformists Group	Ob?anská demokratická strana	ZahradilJan
Anna ZALEWSKA	Poland	European Conservatives and Reformists Group	Prawo i Sprawiedliwo??	_AnnaZalewska
Stefania ZAMBELLI	Italy	Identity and Democracy Group	Lega	
Marco ZANNI	Italy	Identity and Democracy Group	Lega	Marcozanni86
Javier ZARZALEJOS	Spain	Group of the European People's Party (Christian Democrats)	Partido Popular	
Tatjana ŽDANOKA	Latvia	Group of the Greens/European Free Alliance	Latvijas Krievu savien?ba	
Tomáš ZDECHOVSKÝ	Czechia	Group of the European People's Party (Christian Democrats)	K?es?anská a demokratická unie - ?eskoslovenská strana lidová	
Roberts Z?LE	Latvia	European Conservatives and Reformists Group	"Nacion?l? apvien?ba ""Visu Latvijai!""-""T?vzemei un Br?v?bai/LNNK"""	robertszile
Bernhard ZIMNIOK	Germany	Identity and Democracy Group	Alternative für Deutschland	
Kosma Z?OTOWSKI	Poland	European Conservatives and Reformists Group	Prawo i Sprawiedliwo??	
Juan Ignacio ZOIDO ÁLVAREZ	Spain	Group of the European People's Party (Christian Democrats)	Partido Popular	zoidoJI
Carlos ZORRINHO	Portugal	Group of the Progressive Alliance of Socialists and Democrats in the European Parliament	Partido Socialista	czorrinho
Željana ZOVKO	Croatia	Group of the European People's Party (Christian Democrats)	Hrvatska demokratska zajednica	
Marco ZULLO	Italy	Non-attached Members	Movimento 5 Stelle	MarcoZullo
Milan ZVER	Slovenia	Group of the European People's Party (Christian Democrats)	Slovenska demokratska stranka	MilanZver
