name;twitter_name;group;natparty;country
dr hab. Magdalena ADAMOWICZ;Adamowicz_Magda;Group of the European People's Party (Christian Democrats);Independent;Poland
Asim ADEMOV;AdemovAsim;Group of the European People's Party (Christian Democrats);Citizens for European Development of Bulgaria;Bulgaria
Isabella ADINOLFI;Isa_Adinolfi;Non-attached Members;Movimento 5 Stelle;Italy
Matteo ADINOLFI;adinolfi_matteo;Identity and Democracy Group;NA;Italy
Alex AGIUS SALIBA;alexagiussaliba;Group of the Progressive Alliance of Socialists and Democrats in the European Parliament;Partit Laburista;Malta
Mazaly AGUILAR;NA;European Conservatives and Reformists Group;VOX;Spain
Clara AGUILERA;ClaraAguilera7;Group of the Progressive Alliance of Socialists and Democrats in the European Parliament;Partido Socialista Obrero Español;Spain
Scott AINSLIE;ScottMEPLondon;Group of the Greens/European Free Alliance;Green Party;United Kingdom
Alexander ALEXANDROV YORDANOV;NA;Group of the European People's Party (Christian Democrats);Union of Democratic Forces;Bulgaria
François ALFONSI;F_Alfonsi;Group of the Greens/European Free Alliance;Régions et Peuples Solidaires;France
Atidzhe ALIEVA-VELI;NA;Renew Europe Group;Movement for Rights and Freedoms;Bulgaria
Christian ALLARD;Christia_Allard;Group of the Greens/European Free Alliance;Scottish National Party;United Kingdom
Abir AL SAHLANI;NA;Renew Europe Group;Centerpartiet;Sweden
Álvaro AMARO;NA;Group of the European People's Party (Christian Democrats);Partido Social Democrata;Portugal
Andris AMERIKS;AndrisAmeriks;Group of the Progressive Alliance of Socialists and Democrats in the European Parliament;"""Saskaņa"" sociāldemokrātiskā partija";Latvia
Christine ANDERSON;NA;Identity and Democracy Group;Alternative für Deutschland;Germany
Martina ANDERSON;M_AndersonSF;Confederal Group of the European United Left - Nordic Green Left;Sinn Fein;United Kingdom
Rasmus ANDRESEN;RasmusAndresen;Group of the Greens/European Free Alliance;Bündnis 90/Die Grünen;Germany
Eric ANDRIEU;EricAndrieuEU;Group of the Progressive Alliance of Socialists and Democrats in the European Parliament;Parti socialiste;France
Mathilde ANDROUËT;NA;Identity and Democracy Group;Rassemblement national;France
Nikos ANDROULAKIS;androulakisnick;Group of the Progressive Alliance of Socialists and Democrats in the European Parliament;PASOK-KINAL;Greece
Gerolf ANNEMANS;gannemans;Identity and Democracy Group;Vlaams Belang;Belgium
Andrus ANSIP;Ansip_EU;Renew Europe Group;Eesti Reformierakond;Estonia
Attila ARA-KOVÁCS;AraKovacs;Group of the Progressive Alliance of Socialists and Democrats in the European Parliament;Demokratikus Koalíció;Hungary
Maria ARENA;Mariearenaps;Group of the Progressive Alliance of Socialists and Democrats in the European Parliament;Parti Socialiste;Belgium
Pablo ARIAS ECHEVERRÍA;NA;Group of the European People's Party (Christian Democrats);Partido Popular;Spain
Pascal ARIMONT;pascal_arimont;Group of the European People's Party (Christian Democrats);Christlich Soziale Partei;Belgium
Bartosz ARŁUKOWICZ;Arlukowicz;Group of the European People's Party (Christian Democrats);Platforma Obywatelska;Poland
Clotilde ARMAND;clotilde_armand;Renew Europe Group;Uniunea Salvați România;Romania
Konstantinos ARVANITIS;NA;Confederal Group of the European United Left - Nordic Green Left;Coalition of the Radical Left;Greece
Anna-Michelle ASIMAKOPOULOU;AnnaAsimakopoul;Group of the European People's Party (Christian Democrats);Nea Demokratia;Greece
Manon AUBRY;ManonAubryFr;Confederal Group of the European United Left - Nordic Green Left;La France Insoumise;France
Margrete AUKEN;MargreteAuken;Group of the Greens/European Free Alliance;Socialistisk Folkeparti;Denmark
Petras AUŠTREVIČIUS;petras_petras;Renew Europe Group;Lietuvos Respublikos liberalų sąjūdis;Lithuania
Carmen AVRAM;carmenavram;Group of the Progressive Alliance of Socialists and Democrats in the European Parliament;Partidul Social Democrat;Romania
Malik AZMANI;MalikAzmani;Renew Europe Group;Volkspartij voor Vrijheid en Democratie;Netherlands
Simona BALDASSARRE;SR_Baldassarre;Identity and Democracy Group;Lega;Italy
Marek Paweł BALT;PoselBalt;Group of the Progressive Alliance of Socialists and Democrats in the European Parliament;Sojusz Lewicy Demokratycznej;Poland
Jordan BARDELLA;J_Bardella;Identity and Democracy Group;Rassemblement national;France
Katarina BARLEY;katarinabarley;Group of the Progressive Alliance of Socialists and Democrats in the European Parliament;Sozialdemokratische Partei Deutschlands;Germany
Pernando BARRENA ARZA;NA;Confederal Group of the European United Left - Nordic Green Left;EH BILDU;Spain
Pietro BARTOLO;bartolopietro1;Group of the Progressive Alliance of Socialists and Democrats in the European Parliament;Partito Democratico;Italy
Traian BĂSESCU;tbasescu;Group of the European People's Party (Christian Democrats);Partidul Mișcarea Populară;Romania
Alessandra BASSO;alebassoMEP;Identity and Democracy Group;Lega;Italy
José Ramón BAUZÁ DÍAZ;JRBauza;Renew Europe Group;Ciudadanos – Partido de la Ciudadanía;Spain
Nicolas BAY;NicolasBay_;Identity and Democracy Group;Rassemblement national;France
Catherine BEARDER;catherinemep;Renew Europe Group;Liberal Democrats;United Kingdom
Gunnar Günter BECK;NA;Identity and Democracy Group;Alternative für Deutschland;Germany
Nicola BEER;nicolabeerfdp;Renew Europe Group;Freie Demokratische Partei;Germany
Tiziana BEGHIN;beghin_t;Non-attached Members;Movimento 5 Stelle;Italy
Aurelia BEIGNEUX;AureliaBeigneux;Identity and Democracy Group;Rassemblement national;France
Marek BELKA;profMarekBelka;Group of the Progressive Alliance of Socialists and Democrats in the European Parliament;Sojusz Lewicy Demokratycznej;Poland
François-Xavier BELLAMY;fxbellamy;Group of the European People's Party (Christian Democrats);Les Républicains;France
Adrian-Dragoș BENEA;NA;Group of the Progressive Alliance of Socialists and Democrats in the European Parliament;Partidul Social Democrat;Romania
Brando BENIFEI;brandobenifei;Group of the Progressive Alliance of Socialists and Democrats in the European Parliament;Partito Democratico;Italy
Isabel BENJUMEA BENJUMEA;IsabelBenjumea;Group of the European People's Party (Christian Democrats);Partido Popular;Spain
Phil BENNION;PhilBennion;Renew Europe Group;Liberal Democrats;United Kingdom
Monika BEŇOVÁ;MonikaFlaBenova;Group of the Progressive Alliance of Socialists and Democrats in the European Parliament;SMER-Sociálna demokracia;Slovakia
Hildegard BENTELE;hildebentele;Group of the European People's Party (Christian Democrats);Christlich Demokratische Union Deutschlands;Germany
Tom BERENDSEN;tbwberendsen;Group of the European People's Party (Christian Democrats);Christen Democratisch Appèl;Netherlands
Lars Patrick BERG;LarsPatrickBerg;Identity and Democracy Group;Alternative für Deutschland;Germany
Stefan BERGER;DrStefanBerger;Group of the European People's Party (Christian Democrats);Christlich Demokratische Union Deutschlands;Germany
Erik BERGKVIST;erik_bergkvist;Group of the Progressive Alliance of Socialists and Democrats in the European Parliament;Arbetarepartiet- Socialdemokraterna;Sweden
Silvio BERLUSCONI;berlusconi;Group of the European People's Party (Christian Democrats);Forza Italia;Italy
Alexander BERNHUBER;NA;Group of the European People's Party (Christian Democrats);Österreichische Volkspartei;Austria
Robert BIEDROŃ;BiedronRobert;Group of the Progressive Alliance of Socialists and Democrats in the European Parliament;Wiosna;Poland
Adam BIELAN;AdamBielan;European Conservatives and Reformists Group;Prawo i Sprawiedliwość;Poland
Stéphane BIJOUX;StephaneBIJOUX;Renew Europe Group;La République en marche;France
Izaskun BILBAO BARANDICA;IzaskunBilbaoB;Renew Europe Group;Partido Nacionalista Vasco;Spain
Vladimír BILČÍK;VladoBilcik;Group of the European People's Party (Christian Democrats);SPOLU – občianska demokracia;Slovakia
Dominique BILDE;DominiqueBilde;Identity and Democracy Group;Rassemblement national;France
Gabriele BISCHOFF;gabischoff;Group of the Progressive Alliance of Socialists and Democrats in the European Parliament;Sozialdemokratische Partei Deutschlands;Germany
Benoît BITEAU;Identi_Terre;Group of the Greens/European Free Alliance;Europe Écologie;France
Mara BIZZOTTO;marabizzotto;Identity and Democracy Group;Lega;Italy
Malin BJÖRK;MalinBjork_EU;Confederal Group of the European United Left - Nordic Green Left;Vänsterpartiet;Sweden
Vasile BLAGA;SenatulRomaniei;Group of the European People's Party (Christian Democrats);Partidul Naţional Liberal;Romania
Hynek BLAŠKO;NA;Identity and Democracy Group;Svoboda a přímá demokracie;Czechia
Vilija BLINKEVIČIŪTĖ;NA;Group of the Progressive Alliance of Socialists and Democrats in the European Parliament;Lietuvos socialdemokratų partija;Lithuania
Michael BLOSS;michabl;Group of the Greens/European Free Alliance;Bündnis 90/Die Grünen;Germany
Andrea BOCSKOR;AndreaBocskor;Group of the European People's Party (Christian Democrats);Fidesz-Magyar Polgári Szövetség-Kereszténydemokrata Néppárt;Hungary
Damian BOESELAGER;d_boeselager;Group of the Greens/European Free Alliance;Volt;Germany
Ioan-Rareș BOGDAN;NA;Group of the European People's Party (Christian Democrats);Partidul Naţional Liberal;Romania
Franc BOGOVIČ;Franc_Bogovic;Group of the European People's Party (Christian Democrats);Slovenska ljudska stranka;Slovenia
Manuel BOMPARD;mbompard;Confederal Group of the European United Left - Nordic Green Left;La France Insoumise;France
Simona BONAFÈ;simonabonafe;Group of the Progressive Alliance of Socialists and Democrats in the European Parliament;Partito Democratico;Italy
Anna BONFRISCO;NA;Identity and Democracy Group;Lega;Italy
Paolo BORCHIA;PaoloBorchia;Identity and Democracy Group;Lega;Italy
Biljana BORZAN;BiljanaBorzan;Group of the Progressive Alliance of Socialists and Democrats in the European Parliament;Socijaldemokratska partija Hrvatske;Croatia
Marc BOTENGA;BotengaM;Confederal Group of the European United Left - Nordic Green Left;Parti du Travail de Belgique;Belgium
Vlad-Marius BOTOȘ;botos_vlad;Renew Europe Group;Uniunea Salvați România;Romania
Geert BOURGEOIS;GeertBourgeois;European Conservatives and Reformists Group;Nieuw-Vlaamse Alliantie;Belgium
Gilles BOYER;GillesBoyer;Renew Europe Group;Indépendant;France
Patrick BREYER;echo_pbreyer;Group of the Greens/European Free Alliance;Piratenpartei Deutschland;Germany
Milan BRGLEZ;NA;Group of the Progressive Alliance of Socialists and Democrats in the European Parliament;Socialni demokrati;Slovenia
Saskia BRICMONT;bricmontsaskia;Group of the Greens/European Free Alliance;Ecologistes Confédérés pour l'Organisation de Luttes Originales;Belgium
Jane BROPHY;JaneBrophyLD;Renew Europe Group;Liberal Democrats;United Kingdom
Joachim Stanisław BRUDZIŃSKI;jbrudzinski;European Conservatives and Reformists Group;Prawo i Sprawiedliwość;Poland
Annika BRUNA;NA;Identity and Democracy Group;Rassemblement national;France
Sylvie BRUNET;syl_brunet;Renew Europe Group;Liste Rennaisance;France
Markus BUCHHEIT;NA;Identity and Democracy Group;Alternative für Deutschland;Germany
Klaus BUCHNER;Dr_KlausBuchner;Group of the Greens/European Free Alliance;Ökologisch-Demokratische Partei;Germany
Daniel BUDA;MEPDanielBuda;Group of the European People's Party (Christian Democrats);Partidul Naţional Liberal;Romania
David BULL;drdavidbull;Non-attached Members;The Brexit Party;United Kingdom
Udo BULLMANN;UdoBullmann;Group of the Progressive Alliance of Socialists and Democrats in the European Parliament;Sozialdemokratische Partei Deutschlands;Germany
Jonathan BULLOCK;JonathanMEP;Non-attached Members;The Brexit Party;United Kingdom
Judith BUNTING;JudithBuntingLD;Renew Europe Group;Liberal Democrats;United Kingdom
Delara BURKHARDT;delarabur;Group of the Progressive Alliance of Socialists and Democrats in the European Parliament;Sozialdemokratische Partei Deutschlands;Germany
Martin BUSCHMANN;BuschmannMartin;Confederal Group of the European United Left - Nordic Green Left;Partei Mensch Umwelt Tierschutz;Germany
Cristian-Silviu BUŞOI;NA;Group of the European People's Party (Christian Democrats);Partidul Naţional Liberal;Romania
Reinhard BÜTIKOFER;bueti;Group of the Greens/European Free Alliance;Bündnis 90/Die Grünen;Germany
Jorge BUXADÉ VILLALBA;Jorgebuxade;European Conservatives and Reformists Group;VOX;Spain
Jerzy BUZEK;JerzyBuzek;Group of the European People's Party (Christian Democrats);Koalicja Europejska;Poland
Carlo CALENDA;CarloCalenda;Group of the Progressive Alliance of Socialists and Democrats in the European Parliament;Partito Democratico;Italy
Marco CAMPOMENOSI;MCampomenosi;Identity and Democracy Group;Lega;Italy
Jordi CAÑAS;jordi_canyas;Renew Europe Group;Ciudadanos – Partido de la Ciudadanía;Spain
Pascal CANFIN;pcanfin;Renew Europe Group;Liste Rennaisance;France
Damien CARÊME;DamienCAREME;Group of the Greens/European Free Alliance;Europe Écologie;France
Andrea CAROPPO;caroppo_andrea;Identity and Democracy Group;Lega;Italy
Matt CARTHY;mattcarthy;Confederal Group of the European United Left - Nordic Green Left;Sinn Féin;Ireland
Maria Da Graça CARVALHO;mgracacarvalho;Group of the European People's Party (Christian Democrats);Partido Social Democrata;Portugal
David CASA;DavidCasaMEP;Group of the European People's Party (Christian Democrats);Partit Nazzjonalista;Malta
Massimo CASANOVA;NA;Identity and Democracy Group;Lega;Italy
Daniel CASPARY;caspary;Group of the European People's Party (Christian Democrats);Christlich Demokratische Union Deutschlands;Germany
Fabio Massimo CASTALDO;FMCastaldo;Non-attached Members;Movimento 5 Stelle;Italy
Pilar del CASTILLO VERA;delcastillop;Group of the European People's Party (Christian Democrats);Partido Popular;Spain
Anna CAVAZZINI;anna_cavazzini;Group of the Greens/European Free Alliance;Bündnis 90/Die Grünen;Germany
Susanna CECCARDI;SusannaCeccardi;Identity and Democracy Group;Lega;Italy
Sara CERDAS;sara_saracerdas;Group of the Progressive Alliance of Socialists and Democrats in the European Parliament;Partido Socialista;Portugal
Catherine CHABAUD;CathChabaud;Renew Europe Group;Liste Rennaisance;France
Mohammed CHAHIM;MChahim;Group of the Progressive Alliance of Socialists and Democrats in the European Parliament;Partij van de Arbeid;Netherlands
Leila CHAIBI;leilachaibi;Confederal Group of the European United Left - Nordic Green Left;La France Insoumise;France
Dita CHARANZOVÁ;charanzova;Renew Europe Group;ANO 2011;Czechia
Olivier CHASTEL;OChastel;Renew Europe Group;Mouvement Réformateur;Belgium
Caterina CHINNICI;CaterinaChinnic;Group of the Progressive Alliance of Socialists and Democrats in the European Parliament;Partito Democratico;Italy
Ellie CHOWNS;EllieChownsMEP;Group of the Greens/European Free Alliance;Green Party;United Kingdom
Asger CHRISTENSEN;AsgerChristens2;Renew Europe Group;Venstre, Danmarks Liberale Parti;Denmark
Lefteris CHRISTOFOROU;LefChristoforou;Group of the European People's Party (Christian Democrats);Democratic Rally;Cyprus
Włodzimierz CIMOSZEWICZ;NA;Group of the Progressive Alliance of Socialists and Democrats in the European Parliament;Sojusz Lewicy Demokratycznej - Unia Pracy;Poland
Angelo CIOCCA;AngeloCiocca;Identity and Democracy Group;Lega;Italy
Dacian CIOLOS;CiolosDacian;Renew Europe Group;Partidul Libertate, Unitate și Solidaritate;Romania
Tudor CIUHODARU;NA;Group of the Progressive Alliance of Socialists and Democrats in the European Parliament;Partidul Social Democrat;Romania
Miroslav ČÍŽ;NA;Group of the Progressive Alliance of Socialists and Democrats in the European Parliament;SMER-Sociálna demokracia;Slovakia
Nathalie COLIN-OESTERLÉ;ncolin_oesterle;Group of the European People's Party (Christian Democrats);Les centristes;France
Gilbert COLLARD;GilbertCollard;Identity and Democracy Group;Rassemblement national;France
Rosanna CONTE;NA;Identity and Democracy Group;Lega;Italy
Richard CORBETT;RCorbettMEP;Group of the Progressive Alliance of Socialists and Democrats in the European Parliament;Labour Party;United Kingdom
David CORMAND;DavidCormand;Group of the Greens/European Free Alliance;Europe Écologie;France
Ignazio CORRAO;ignaziocorrao;Non-attached Members;Movimento 5 Stelle;Italy
Andrea COZZOLINO;cozzolino62;Group of the Progressive Alliance of Socialists and Democrats in the European Parliament;Partito Democratico;Italy
Corina CREȚU;CorinaCretuEU;Group of the Progressive Alliance of Socialists and Democrats in the European Parliament;PRO Romania;Romania
Katalin CSEH;katka_cseh;Renew Europe Group;Momentum;Hungary
Ciarán CUFFE;CiaranCuffe;Group of the Greens/European Free Alliance;Green Party;Ireland
Josianne CUTAJAR;josiannecutajar;Group of the Progressive Alliance of Socialists and Democrats in the European Parliament;Partit Laburista;Malta
Ryszard CZARNECKI;r_czarnecki;European Conservatives and Reformists Group;Prawo i Sprawiedliwość;Poland
Peter van DALEN;petervdalen;Group of the European People's Party (Christian Democrats);ChristenUnie;Netherlands
Miriam DALLI;Miriamdalli;Group of the Progressive Alliance of Socialists and Democrats in the European Parliament;Partit Laburista;Malta
Clare DALY;ClareDalyMEP;Confederal Group of the European United Left - Nordic Green Left;Independent;Ireland
Rosa D'AMATO;rosadamato634;Non-attached Members;Movimento 5 Stelle;Italy
Seb DANCE;SebDance;Group of the Progressive Alliance of Socialists and Democrats in the European Parliament;Labour Party;United Kingdom
Johan DANIELSSON;johandanielsson;Group of the Progressive Alliance of Socialists and Democrats in the European Parliament;Arbetarepartiet- Socialdemokraterna;Sweden
Arnaud DANJEAN;ArnaudDanjean;Group of the European People's Party (Christian Democrats);Les Républicains;France
Gianantonio DA RE;GianantonioDaRe;Identity and Democracy Group;Lega;Italy
Martin Edward DAUBNEY;MartinDaubney;Non-attached Members;The Brexit Party;United Kingdom
Ivan DAVID;MudrIvanDavid;Identity and Democracy Group;Svoboda a přímá demokracie;Czechia
Chris DAVIES;ChrisDaviesEU;Renew Europe Group;Liberal Democrats;United Kingdom
Paolo DE CASTRO;paolodecastro;Group of the Progressive Alliance of Socialists and Democrats in the European Parliament;Partito Democratico;Italy
Jérémy DECERLE;JDecerle;Renew Europe Group;Liste Rennaisance;France
Gwendoline DELBOS-CORFIELD;GDelbosCorfield;Group of the Greens/European Free Alliance;Europe Écologie;France
Andor DELI;AndorDeli;Group of the European People's Party (Christian Democrats);Fidesz-Magyar Polgári Szövetség-Kereszténydemokrata Néppárt;Hungary
Karima DELLI;KarimaDelli;Group of the Greens/European Free Alliance;Europe Écologie;France
Belinda DE LUCY;BelindadeLucy;Non-attached Members;The Brexit Party;United Kingdom
Filip DE MAN;NA;Identity and Democracy Group;Vlaams Belang;Belgium
Özlem DEMIREL;OezlemADemirel;Confederal Group of the European United Left - Nordic Green Left;DIE LINKE.;Germany
Anna DEPARNAY-GRUNENBERG;candidate_verte;Group of the Greens/European Free Alliance;Bündnis 90/Die Grünen;Germany
Petra DE SUTTER;pdsutter;Group of the Greens/European Free Alliance;Groen;Belgium
Tamás DEUTSCH;dajcstomi;Group of the European People's Party (Christian Democrats);Fidesz-Magyar Polgári Szövetség-Kereszténydemokrata Néppárt;Hungary
Dinesh DHAMIJA;dinesh_dhamija;Renew Europe Group;Liberal Democrats;United Kingdom
Geoffroy DIDIER;GeoffroyDidier;Group of the European People's Party (Christian Democrats);Les Républicains;France
André Jorge DIONÍSIO BRADFORD;NA;Group of the Progressive Alliance of Socialists and Democrats in the European Parliament;Partido Socialista;Portugal
Martina DLABAJOVÁ;Mdlabajova;Renew Europe Group;ANO 2011;Czechia
Klára DOBREV;NA;Group of the Progressive Alliance of Socialists and Democrats in the European Parliament;Demokratikus Koalíció;Hungary
Diane DODDS;DianeDoddsMEP;Non-attached Members;Democratic Unionist Party;United Kingdom
Christian Konrad DOLESCHAL;Doleschal;Group of the European People's Party (Christian Democrats);Christlich-Soziale Union in Bayern e.V.;Germany
Anna Julia DONÁTH;donath_anna;Renew Europe Group;Momentum;Hungary
Francesca DONATO;ladyonorato;Identity and Democracy Group;Lega;Italy
Herbert DORFMANN;HerbertDorfmann;Group of the European People's Party (Christian Democrats);Südtiroler Volkspartei;Italy
Gina DOWDING;GinaDowdingMEP;Group of the Greens/European Free Alliance;Green Party;United Kingdom
Marco DREOSTO;MarcoDreosto;Identity and Democracy Group;Lega;Italy
Jarosław DUDA;JaroslawDuda;Group of the European People's Party (Christian Democrats);Platforma Obywatelska;Poland
Lena DÜPONT;NA;Group of the European People's Party (Christian Democrats);Christlich Demokratische Union Deutschlands;Germany
Estrella DURA FERRANDIS;NA;Non-attached Members;Partido Socialista Obrero Español;Spain
Pascal DURAND;PDurandOfficiel;Renew Europe Group;Liste Rennaisance;France
Lucia ĎURIŠ NICHOLSONOVÁ;LNicholsonova;European Conservatives and Reformists Group;Sloboda a Solidarita;Slovakia
Angel DZHAMBAZKI;djambazki;European Conservatives and Reformists Group;VMRO;Bulgaria
Karoline EDTSTADLER;k_edtstadler;Group of the European People's Party (Christian Democrats);Österreichische Volkspartei;Austria
Christian EHLER;NA;Group of the European People's Party (Christian Democrats);Christlich Demokratische Union Deutschlands;Germany
Bas EICKHOUT;BasEickhout;Group of the Greens/European Free Alliance;GroenLinks;Netherlands
Andrew ENGLAND KERR;englandkerrmep;Non-attached Members;The Brexit Party;United Kingdom
Derk Jan EPPINK;djeppink;European Conservatives and Reformists Group;Forum voor Democratie;Netherlands
Cornelia ERNST;ErnstCornelia;Confederal Group of the European United Left - Nordic Green Left;DIE LINKE.;Germany
Engin EROGLU;EnginEroglu_FW;Renew Europe Group;Freie Wähler;Germany
Ismail ERTUG;IsmailErtug;Group of the Progressive Alliance of Socialists and Democrats in the European Parliament;Sozialdemokratische Partei Deutschlands;Germany
Rosa ESTARÀS FERRAGUT;NA;Group of the European People's Party (Christian Democrats);Partido Popular;Spain
Jill EVANS;JillEvansMEP;Group of the Greens/European Free Alliance;Plaid Cymru - Party of Wales;United Kingdom
Eleonora EVI;EleonoraEvi;Non-attached Members;Movimento 5 Stelle;Italy
Agnès EVREN;AgnesEvren;Group of the European People's Party (Christian Democrats);Les Républicains;France
Tanja FAJON;tfajon;Group of the Progressive Alliance of Socialists and Democrats in the European Parliament;Socialni demokrati;Slovenia
Gheorghe FALCĂ;NA;Group of the European People's Party (Christian Democrats);Partidul Naţional Liberal;Romania
Nigel FARAGE;Nigel_Farage;Non-attached Members;The Brexit Party;United Kingdom
Laurence FARRENG;laurencefarreng;Renew Europe Group;Mouvement Démocrate;France
Fredrick FEDERLEY;federley;Renew Europe Group;Centerpartiet;Sweden
Markus FERBER;MarkusFerber;Group of the European People's Party (Christian Democrats);Christlich-Soziale Union in Bayern e.V.;Germany
José Manuel FERNANDES;JMFernandesEU;Group of the European People's Party (Christian Democrats);Partido Social Democrata;Portugal
Jonás FERNÁNDEZ;jonasfernandez;Group of the Progressive Alliance of Socialists and Democrats in the European Parliament;Partido Socialista Obrero Español;Spain
Giuseppe FERRANDINO;giosiferrandino;Group of the Progressive Alliance of Socialists and Democrats in the European Parliament;Partito Democratico;Italy
Laura FERRARA;LFerraraM5S;Non-attached Members;Movimento 5 Stelle;Italy
João FERREIRA;joao_ferreira33;Confederal Group of the European United Left - Nordic Green Left;Partido Comunista Português;Portugal
Nicolaus FEST;Nicolaus_Fest;Identity and Democracy Group;Alternative für Deutschland;Germany
Carlo FIDANZA;FidanzaCarlo;European Conservatives and Reformists Group;Fratelli d'Italia;Italy
Pietro FIOCCHI;FiocchiPietro;European Conservatives and Reformists Group;Fratelli d'Italia;Italy
Raffaele FITTO;RaffaeleFitto;European Conservatives and Reformists Group;Fratelli d'Italia;Italy
Frances FITZGERALD;FitzgeraldFrncs;Group of the European People's Party (Christian Democrats);Fine Gael Party;Ireland
Luke Ming FLANAGAN;lukeming;Confederal Group of the European United Left - Nordic Green Left;Independent;Ireland
Valter FLEGO;ValterFlego;Renew Europe Group;Istarski demokratski sabor - Dieta democratica istriana;Croatia
Lance FORMAN;LanceForman;Non-attached Members;The Brexit Party;United Kingdom
Anna FOTYGA;AnnaFotyga_PE;European Conservatives and Reformists Group;Prawo i Sprawiedliwość;Poland
Loucas FOURLAS;loucas_fourlas;Group of the European People's Party (Christian Democrats);Democratic Rally;Cyprus
Claire FOX;Fox_Claire;Non-attached Members;The Brexit Party;United Kingdom
Tomasz FRANKOWSKI;TFrankowski21;Group of the European People's Party (Christian Democrats);Platforma Obywatelska;Poland
Cindy FRANSSEN;FranssenCindy;Group of the European People's Party (Christian Democrats);Christen-Democratisch & Vlaams;Belgium
Romeo FRANZ;RomeoFranz1;Group of the Greens/European Free Alliance;Bündnis 90/Die Grünen;Germany
Daniel FREUND;daniel_freund;Group of the Greens/European Free Alliance;Bündnis 90/Die Grünen;Germany
Heléne FRITZON;NA;Group of the Progressive Alliance of Socialists and Democrats in the European Parliament;Arbetarepartiet- Socialdemokraterna;Sweden
Niels FUGLSANG;NielsFuglsang;Group of the Progressive Alliance of Socialists and Democrats in the European Parliament;Socialdemokratiet;Denmark
Mario FURORE;MarioFurore;Non-attached Members;Movimento 5 Stelle;Italy
Søren Gade GADE;SoerenGade;Renew Europe Group;Venstre, Danmarks Liberale Parti;Denmark
Michael GAHLER;michaelgahler;Group of the European People's Party (Christian Democrats);Christlich Demokratische Union Deutschlands;Germany
Kinga GÁL;1D5Kinga;Group of the European People's Party (Christian Democrats);Fidesz-Magyar Polgári Szövetség-Kereszténydemokrata Néppárt;Hungary
Lina GALVEZ MUÑOZ;linagalvezmunoz;Group of the Progressive Alliance of Socialists and Democrats in the European Parliament;Partido Socialista Obrero Español;Spain
Claudia GAMON;dieGamon;Renew Europe Group;NEOS – Das Neue Österreich;Austria
Gianna GANCIA;giannagancia;Identity and Democracy Group;Lega;Italy
Ibán GARCIA DEL BLANCO;Ibangarciadb;Group of the Progressive Alliance of Socialists and Democrats in the European Parliament;Partido Socialista Obrero Español;Spain
José Manuel GARCÍA-MARGALLO Y MARFIL;MargalloJm;Group of the European People's Party (Christian Democrats);Partido Popular;Spain
Isabel GARCÍA MUÑOZ;NA;Group of the Progressive Alliance of Socialists and Democrats in the European Parliament;Partido Socialista Obrero Español;Spain
Iratxe GARCÍA PÉREZ;IratxeGarper;Group of the Progressive Alliance of Socialists and Democrats in the European Parliament;Partido Socialista Obrero Español;Spain
Eider GARDIAZABAL RUBIAL;EGardiazabal;Group of the Progressive Alliance of Socialists and Democrats in the European Parliament;Partido Socialista Obrero Español;Spain
Luis GARICANO;lugaricano;Renew Europe Group;Ciudadanos – Partido de la Ciudadanía;Spain
Jean-Paul GARRAUD;JPGarraud;Identity and Democracy Group;Rassemblement national;France
Evelyne GEBHARDT;NA;Group of the Progressive Alliance of Socialists and Democrats in the European Parliament;Sozialdemokratische Partei Deutschlands;Germany
Alexandra GEESE;alexandra_geese;Group of the Greens/European Free Alliance;Bündnis 90/Die Grünen;Germany
Jens GEIER;EuropaJens;Group of the Progressive Alliance of Socialists and Democrats in the European Parliament;Sozialdemokratische Partei Deutschlands;Germany
Chiara GEMMA;chgemma68;Non-attached Members;Movimento 5 Stelle;Italy
Giorgos GEORGIOU;NA;Confederal Group of the European United Left - Nordic Green Left;Progressive Party of Working People - Left - New Forces;Cyprus
Alexandros GEORGOULIS;NA;Confederal Group of the European United Left - Nordic Green Left;Coalition of the Radical Left;Greece
Helmut GEUKING;NA;European Conservatives and Reformists Group;Familien-Partei Deutschlands;Germany
Cristian GHINEA;GhineaMEP;Renew Europe Group;USR-PLUS;Romania
Dino GIARRUSSO;DinoGiarrusso;Non-attached Members;Movimento 5 Stelle;Italy
Barbara Ann GIBSON;Barb_G;Renew Europe Group;Liberal Democrats;United Kingdom
Sven GIEGOLD;sven_giegold;Group of the Greens/European Free Alliance;Bündnis 90/Die Grünen;Germany
Jens GIESEKE;NA;Group of the European People's Party (Christian Democrats);Christlich Demokratische Union Deutschlands;Germany
Neena GILL;NeenaGmep;Group of the Progressive Alliance of Socialists and Democrats in the European Parliament;Labour Party;United Kingdom
Nathan GILL;NathanGillMEP;Non-attached Members;The Brexit Party;United Kingdom
James Alexander GLANCY;NA;Non-attached Members;The Brexit Party;United Kingdom
Andreas GLÜCK;Andi_Glueck;Renew Europe Group;Freie Demokratische Partei;Germany
Raphaël GLUCKSMANN;rglucks1;Group of the Progressive Alliance of Socialists and Democrats in the European Parliament;Place publique;France
Charles GOERENS;CharlesGoerens;Renew Europe Group;Parti démocratique;Luxembourg
Mónica Silvana GONZÁLEZ;MonicaSilvanaG;Group of the Progressive Alliance of Socialists and Democrats in the European Parliament;Partido Socialista Obrero Español;Spain
Nicolás GONZALEZ CASARES;nicogoncas;Group of the Progressive Alliance of Socialists and Democrats in the European Parliament;Partido Socialista Obrero Español;Spain
Esteban GONZÁLEZ PONS;gonzalezpons;Group of the European People's Party (Christian Democrats);Partido Popular;Spain
Valentino GRANT;ValentinoGrant4;Identity and Democracy Group;Lega;Italy
Maria GRAPINI;MariaGrapini;Group of the Progressive Alliance of Socialists and Democrats in the European Parliament;Partidul Social Democrat;Romania
Markéta GREGOROVÁ;MarketkaG;Group of the Greens/European Free Alliance;PIRÁTI;Czechia
Theresa GRIFFIN;TheresaMEP;Group of the Progressive Alliance of Socialists and Democrats in the European Parliament;Labour Party;United Kingdom
Catherine GRISET;GrisetCatherine;Identity and Democracy Group;Rassemblement national;France
Klemen GROŠELJ;KGroselj;Renew Europe Group;Lista Marjana Šarca;Slovenia
Christophe GRUDLER;GrudlerCh;Renew Europe Group;Mouvement Démocrate;France
Elisabetta GUALMINI;gualminielisa;Group of the Progressive Alliance of Socialists and Democrats in the European Parliament;Partito Democratico;Italy
Roberto GUALTIERI;gualtierieurope;Group of the Progressive Alliance of Socialists and Democrats in the European Parliament;Partito Democratico;Italy
Francisco GUERREIRO;NA;Group of the Greens/European Free Alliance;Pessoas-Animais-Natureza;Portugal
Bernard GUETTA;NA;Renew Europe Group;Liste Rennaisance;France
Sylvie GUILLAUME;sylvieguillaume;Group of the Progressive Alliance of Socialists and Democrats in the European Parliament;Parti socialiste;France
José GUSMÃO;joseggusmao;Confederal Group of the European United Left - Nordic Green Left;Bloco de Esquerda;Portugal
Jytte GUTELAND;JytteGuteland;Group of the Progressive Alliance of Socialists and Democrats in the European Parliament;Arbetarepartiet- Socialdemokraterna;Sweden
Márton GYÖNGYÖSI;GyongyosiMarton;Non-attached Members;Jobbik Magyarországért Mozgalom;Hungary
Enikő GYŐRI;NA;Group of the European People's Party (Christian Democrats);Fidesz-Magyar Polgári Szövetség-Kereszténydemokrata Néppárt;Hungary
András GYÜRK;NA;Group of the European People's Party (Christian Democrats);Fidesz-Magyar Polgári Szövetség-Kereszténydemokrata Néppárt;Hungary
Ben HABIB;benhabib6;Non-attached Members;The Brexit Party;United Kingdom
Svenja HAHN;svenja_hahn;Renew Europe Group;Freie Demokratische Partei;Germany
Henrike Nanna Gisela HAHN;henrikehahn;Group of the Greens/European Free Alliance;Bündnis 90/Die Grünen;Germany
Roman HAIDER;NA;Identity and Democracy Group;Freiheitliche Partei Österreichs;Austria
Robert HAJŠEL;RobertHajsel;Group of the Progressive Alliance of Socialists and Democrats in the European Parliament;SMER-Sociálna demokracia;Slovakia
Teuvo HAKKARAINEN;NA;Identity and Democracy Group;Perussuomalaiset;Finland
Andrzej HALICKI;AndrzejHalicki;Group of the European People's Party (Christian Democrats);Platforma Obywatelska;Poland
Daniel HANNAN;DanielJHannan;European Conservatives and Reformists Group;Conservative Party;United Kingdom
Christophe HANSEN;CHansenEU;Group of the European People's Party (Christian Democrats);Parti chrétien social luxembourgeois;Luxembourg
Lucy Elizabeth HARRIS;Lugey6;Non-attached Members;The Brexit Party;United Kingdom
Martin HÄUSLING;MartinHaeusling;Group of the Greens/European Free Alliance;Bündnis 90/Die Grünen;Germany
Heidi HAUTALA;HeidiHautala;Group of the Greens/European Free Alliance;Vihreä liitto;Finland
Mircea-Gheorghe HAVA;NA;Group of the European People's Party (Christian Democrats);Partidul Naţional Liberal;Romania
Valerie HAYER;ValerieHayer;Renew Europe Group;La République en marche;France
Anja HAZEKAMP;anjahazekamp;Confederal Group of the European United Left - Nordic Green Left;Partij voor de Dieren;Netherlands
Michael HEAVER;Michael_Heaver;Non-attached Members;The Brexit Party;United Kingdom
Hannes HEIDE;HannesHeide;Group of the Progressive Alliance of Socialists and Democrats in the European Parliament;Sozialdemokratische Partei Österreichs;Austria
Eero HEINÄLUOMA;EeroHeinaluoma;Group of the Progressive Alliance of Socialists and Democrats in the European Parliament;Suomen Sosialidemokraattinen Puolue/Finlands Socialdemokratiska Parti;Finland
Niclas HERBST;NA;Group of the European People's Party (Christian Democrats);Christlich Demokratische Union Deutschlands;Germany
Pierrette Gabrielle HERZBERGER-FOFANA;NA;Group of the Greens/European Free Alliance;Bündnis 90/Die Grünen;Germany
Krzysztof HETMAN;Hetman_K;Group of the European People's Party (Christian Democrats);Polskie Stronnictwo Ludowe;Poland
Balázs HIDVÉGHI;NA;Group of the European People's Party (Christian Democrats);Fidesz-Magyar Polgári Szövetség-Kereszténydemokrata Néppárt;Hungary
Martin HLAVÁČEK;NA;Renew Europe Group;ANO 2011;Czechia
Monika HOHLMEIER;MHohlmeier;Group of the European People's Party (Christian Democrats);Christlich-Soziale Union in Bayern e.V.;Germany
Martin HOJSÍK;mhojsik;Renew Europe Group;Progresívne Slovensko;Slovakia
Pär HOLMGREN;ParHolmgren;Group of the Greens/European Free Alliance;Miljöpartiet de gröna;Sweden
György HÖLVÉNYI;HolvenyiGyorgy;Group of the European People's Party (Christian Democrats);Kereszténydemokrata Néppárt;Hungary
Alicia HOMS GINEL;aliciahoms;Group of the Progressive Alliance of Socialists and Democrats in the European Parliament;Partido Socialista Obrero Español;Spain
Antony HOOK;favershamfocus;Renew Europe Group;Liberal Democrats;United Kingdom
Brice HORTEFEUX;BriceHortefeux;Group of the European People's Party (Christian Democrats);Les Républicains;France
Martin HORWOOD;MartinChelt;Renew Europe Group;Liberal Democrats;United Kingdom
John HOWARTH;JohnHowarth1958;Group of the Progressive Alliance of Socialists and Democrats in the European Parliament;Labour Party;United Kingdom
Ivo HRISTOV;NA;Group of the Progressive Alliance of Socialists and Democrats in the European Parliament;Bulgarian Socialist Party;Bulgaria
Danuta Maria HÜBNER;danutahuebner;Group of the European People's Party (Christian Democrats);Platforma Obywatelska;Poland
Laura HUHTASAARI;LauraHuhtasaari;Identity and Democracy Group;Perussuomalaiset;Finland
Jan HUITEMA;jhuitema;Renew Europe Group;Volkspartij voor Vrijheid en Democratie;Netherlands
Ivars IJABS;ijabs;Renew Europe Group;Attīstībai/Par!;Latvia
Evin INCIR;EvinIncir;Group of the Progressive Alliance of Socialists and Democrats in the European Parliament;Arbetarepartiet- Socialdemokraterna;Sweden
Sophia in 't VELD;SophieintVeld;Renew Europe Group;Democraten 66;Netherlands
Yannick JADOT;yjadot;Group of the Greens/European Free Alliance;Europe Écologie;France
Peter JAHR;peter_jahr;Group of the European People's Party (Christian Democrats);Christlich Demokratische Union Deutschlands;Germany
Stasys JAKELIŪNAS;NA;Group of the Greens/European Free Alliance;Lietuvos valstiečių ir žaliųjų sąjunga;Lithuania
Patryk JAKI;PatrykJaki;European Conservatives and Reformists Group;Solidarna Polska Zbigniewa Ziobro;Poland
Jean-François JALKH;NA;Identity and Democracy Group;Rassemblement national;France
France JAMET;MA_Jamet;Identity and Democracy Group;Rassemblement national;France
Lívia JÁRÓKA;JarokaLivia;Group of the European People's Party (Christian Democrats);Fidesz-Magyar Polgári Szövetség-Kereszténydemokrata Néppárt;Hungary
Adam JARUBAS;JarubasAdam;Group of the European People's Party (Christian Democrats);Polskie Stronnictwo Ludowe;Poland
Jackie JONES;JackieJonesWal1;Group of the Progressive Alliance of Socialists and Democrats in the European Parliament;Labour Party;United Kingdom
Agnes JONGERIUS;a_jongerius;Group of the Progressive Alliance of Socialists and Democrats in the European Parliament;Partij van de Arbeid;Netherlands
Christina Sheila JORDAN;NA;Non-attached Members;The Brexit Party;United Kingdom
Virginie JORON;v_joron;Identity and Democracy Group;Rassemblement national;France
Irena JOVEVA;IJoveva;Renew Europe Group;Lista Marjana Šarca;Slovenia
Rasa JUKNEVIČIENĖ;RJukneviciene;Group of the European People's Party (Christian Democrats);Tėvynės sąjunga-Lietuvos krikščionys demokratai;Lithuania
Krzysztof JURGIEL;ministerjurgiel;European Conservatives and Reformists Group;Prawo i Sprawiedliwość;Poland
Eugen JURZYCA;EugenJurzyca;European Conservatives and Reformists Group;Sloboda a Solidarita;Slovakia
Herve JUVIN;HerveJuvin;Identity and Democracy Group;Rassemblement national;France
Eva KAILI;EvaKaili;Group of the Progressive Alliance of Socialists and Democrats in the European Parliament;Panhellenic Socialist Movement - Olive Tree;Greece
Jarosław KALINOWSKI;NA;Group of the European People's Party (Christian Democrats);Polskie Stronnictwo Ludowe;Poland
Marina KALJURAND;MarinaKaljurand;Group of the Progressive Alliance of Socialists and Democrats in the European Parliament;Sotsiaaldemokraatlik Erakond;Estonia
Sandra KALNIETE;Kalniete;Group of the European People's Party (Christian Democrats);"Partija ""VIENOTĪBA""";Latvia
Petra KAMMEREVERT;NA;Group of the Progressive Alliance of Socialists and Democrats in the European Parliament;Sozialdemokratische Partei Deutschlands;Germany
Radan KANEV;rmkanev;Group of the European People's Party (Christian Democrats);Democrats for Strong Bulgaria;Bulgaria
Assita KANKO;Assita_Kanko;European Conservatives and Reformists Group;Nieuw-Vlaamse Alliantie;Belgium
Othmar KARAS;othmar_karas;Group of the European People's Party (Christian Democrats);Österreichische Volkspartei;Austria
Pierre KARLESKIND;Pierre_Ka;Renew Europe Group;La République en marche;France
Karin KARLSBRO;KarinKarlsbro;Renew Europe Group;Liberalerna;Sweden
Karol KARSKI;profKarski;European Conservatives and Reformists Group;Prawo i Sprawiedliwość;Poland
Elsi KATAINEN;ElsiKatainen;Renew Europe Group;Suomen Keskusta;Finland
Manolis KEFALOGIANNIS;M_Kefalogiannis;Group of the European People's Party (Christian Democrats);Nea Demokratia;Greece
Billy KELLEHER;BillyKelleherEU;Renew Europe Group;Fianna Fáil Party;Ireland
Fabienne KELLER;fabienne_keller;Renew Europe Group;Agir - La Droite constructive;France
Ska KELLER;SkaKeller;Group of the Greens/European Free Alliance;Bündnis 90/Die Grünen;Germany
Seán KELLY;SeanKellyMEP;Group of the European People's Party (Christian Democrats);Fine Gael Party;Ireland
Beata KEMPA;BeataKempa_KPRM;European Conservatives and Reformists Group;Solidarna Polska Zbigniewa Ziobro;Poland
Jude KIRTON-DARLING;Jude_KD;Group of the Progressive Alliance of Socialists and Democrats in the European Parliament;Labour Party;United Kingdom
Niyazi KIZILYÜREK;NKizilyurek;Confederal Group of the European United Left - Nordic Green Left;Progressive Party of Working People - Left - New Forces;Cyprus
Izabela-Helena KLOC;IzabelaKloc;European Conservatives and Reformists Group;Prawo i Sprawiedliwość;Poland
Ondřej KNOTEK;NA;Renew Europe Group;ANO 2011;Czechia
Jeppe KOFOD;JeppeKofod;Group of the Progressive Alliance of Socialists and Democrats in the European Parliament;Socialdemokratiet;Denmark
Peter KOFOD;KofodPeter;Identity and Democracy Group;Dansk Folkeparti;Denmark
Łukasz KOHUT;LukaszKohut;Group of the Progressive Alliance of Socialists and Democrats in the European Parliament;Wiosna;Poland
Arba KOKALARI;ArbaKokalari;Group of the European People's Party (Christian Democrats);Moderaterna;Sweden
Petros KOKKALIS;PetrosKokkalis;Confederal Group of the European United Left - Nordic Green Left;Coalition of the Radical Left;Greece
Marcel KOLAJA;PiratKolaja;Group of the Greens/European Free Alliance;PIRÁTI;Czechia
Mislav KOLAKUŠIĆ;NA;Non-attached Members;-;Croatia
Kateřina KONEČNÁ;NA;Confederal Group of the European United Left - Nordic Green Left;Komunistická strana Čech a Moravy;Czechia
Athanasios KONSTANTINOU;NA;Non-attached Members;Popular Association – Golden Dawn;Greece
Ewa KOPACZ;EwaKopacz;Group of the European People's Party (Christian Democrats);Platforma Obywatelska;Poland
Joanna KOPCIŃSKA;NA;European Conservatives and Reformists Group;Prawo i Sprawiedliwość;Poland
Moritz KÖRNER;moritzkoerner;Renew Europe Group;Freie Demokratische Partei;Germany
Ádám KÓSA;adamkosamep;Group of the European People's Party (Christian Democrats);Fidesz-Magyar Polgári Szövetség-Kereszténydemokrata Néppárt;Hungary
Dietmar KÖSTER;NA;Group of the Progressive Alliance of Socialists and Democrats in the European Parliament;Sozialdemokratische Partei Deutschlands;Germany
Stelios KOULOGLOU;SteliosKoul;Confederal Group of the European United Left - Nordic Green Left;Coalition of the Radical Left;Greece
Elena KOUNTOURA;ElenaKountoura;Confederal Group of the European United Left - Nordic Green Left;Coalition of the Radical Left;Greece
Ondřej KOVAŘÍK;NA;Renew Europe Group;ANO 2011;Czechia
Andrey KOVATCHEV;andreykovatchev;Group of the European People's Party (Christian Democrats);Citizens for European Development of Bulgaria;Bulgaria
Maximilian KRAH;KrahMax;Identity and Democracy Group;Alternative für Deutschland;Germany
Zdzisław KRASNODĘBSKI;ZdzKrasnodebski;European Conservatives and Reformists Group;Prawo i Sprawiedliwość;Poland
Constanze KREHL;ConstanzeKrehl;Group of the Progressive Alliance of Socialists and Democrats in the European Parliament;Sozialdemokratische Partei Deutschlands;Germany
Elżbieta KRUK;NA;European Conservatives and Reformists Group;Prawo i Sprawiedliwość;Poland
Andrius KUBILIUS;AndriusKubilius;Group of the European People's Party (Christian Democrats);Tėvynės sąjunga-Lietuvos krikščionys demokratai;Lithuania
Alice KUHNKE;NA;Group of the Greens/European Free Alliance;Miljöpartiet de gröna;Sweden
Joachim KUHS;Joachim_Kuhs;Identity and Democracy Group;Alternative für Deutschland;Germany
Miapetra KUMPULA-NATRI;miapetrakumpula;Group of the Progressive Alliance of Socialists and Democrats in the European Parliament;Suomen Sosialidemokraattinen Puolue/Finlands Socialdemokratiska Parti;Finland
Zbigniew KUŹMIUK;ZbigniewKuzmiuk;European Conservatives and Reformists Group;Prawo i Sprawiedliwość;Poland
Stelios KYMPOUROPOULOS;Kympouropoulos;Group of the European People's Party (Christian Democrats);Nea Demokratia;Greece
Georgios KYRTSOS;GiorgosKyrtsos;Group of the European People's Party (Christian Democrats);Nea Demokratia;Greece
Ilhan KYUCHYUK;ilhankyuchyuk;Renew Europe Group;Movement for Rights and Freedoms;Bulgaria
Sergey LAGODINSKY;SLagodinsky;Group of the Greens/European Free Alliance;Bündnis 90/Die Grünen;Germany
Ioannis LAGOS;NA;Non-attached Members;Popular Association – Golden Dawn;Greece
Aurore LALUCQ;AuroreLalucq;Group of the Progressive Alliance of Socialists and Democrats in the European Parliament;Place publique;France
Philippe LAMBERTS;ph_lamberts;Group of the Greens/European Free Alliance;Ecologistes Confédérés pour l'Organisation de Luttes Originales;Belgium
Oscar LANCINI;DOscarLancini;Identity and Democracy Group;Lega;Italy
Bernd LANGE;berndlange;Group of the Progressive Alliance of Socialists and Democrats in the European Parliament;Sozialdemokratische Partei Deutschlands;Germany
Esther de LANGE;Esther_de_Lange;Group of the European People's Party (Christian Democrats);Christen Democratisch Appèl;Netherlands
Katrin LANGENSIEPEN;NA;Group of the Greens/European Free Alliance;Bündnis 90/Die Grünen;Germany
Hélène LAPORTE;HeleneLaporteRN;Identity and Democracy Group;Rassemblement national;France
Pierre LARROUTUROU;larrouturou;Group of the Progressive Alliance of Socialists and Democrats in the European Parliament;Nouvelle Donne;France
Gilles LEBRETON;Gilles_Lebreton;Identity and Democracy Group;Rassemblement national;France
Julie LECHANTEUX;JLechanteux;Identity and Democracy Group;Rassemblement national;France
David LEGA;DavidLega;Group of the European People's Party (Christian Democrats);Kristdemokraterna;Sweden
Ryszard Antoni LEGUTKO;NA;European Conservatives and Reformists Group;Prawo i Sprawiedliwość;Poland
Maria Manuel LEITÃO MARQUES;MariaManuelLM;Group of the Progressive Alliance of Socialists and Democrats in the European Parliament;Partido Socialista;Portugal
Jeroen LENAERS;jeroen_lenaers;Group of the European People's Party (Christian Democrats);Christen Democratisch Appèl;Netherlands
Janusz LEWANDOWSKI;J_Lewandowski;Group of the European People's Party (Christian Democrats);Independent;Poland
Bogusław LIBERADZKI;BLiberadzki;Group of the Progressive Alliance of Socialists and Democrats in the European Parliament;Independent;Poland
Peter LIESE;peterliese;Group of the European People's Party (Christian Democrats);Christlich Demokratische Union Deutschlands;Germany
Sylvia LIMMER;Dr_SylviaLimmer;Identity and Democracy Group;Alternative für Deutschland;Germany
Norbert LINS;NA;Group of the European People's Party (Christian Democrats);Christlich Demokratische Union Deutschlands;Germany
Elena LIZZI;elenalizzi;Identity and Democracy Group;Lega;Italy
Nathalie LOISEAU;NathalieLoiseau;Renew Europe Group;La République en marche;France
Morten LØKKEGAARD;Loekkegaard_MEP;Renew Europe Group;Venstre, Danmarks Liberale Parti;Denmark
Naomi LONG;naomi_long;Renew Europe Group;Alliance Party of Northern Ireland;United Kingdom
John LONGWORTH;john4brexit;Non-attached Members;The Brexit Party;United Kingdom
Javi LÓPEZ;fjavilopez;Group of the Progressive Alliance of Socialists and Democrats in the European Parliament;Partit dels Socialistes de Catalunya;Spain
Juan Fernando LÓPEZ AGUILAR;JFLopezAguilar;Group of the Progressive Alliance of Socialists and Democrats in the European Parliament;Partido Socialista Obrero Español;Spain
Leopoldo LÓPEZ GIL;LeopoldoLopezG;Group of the European People's Party (Christian Democrats);Partido Popular;Spain
Antonio LÓPEZ-ISTÚRIZ WHITE;TonoEPP;Group of the European People's Party (Christian Democrats);Partido Popular;Spain
Rupert LOWE;RupertLowe10;Non-attached Members;The Brexit Party;United Kingdom
César LUENA;cesarluena;Group of the Progressive Alliance of Socialists and Democrats in the European Parliament;Partido Socialista Obrero Español;Spain
Elżbieta Katarzyna ŁUKACIJEWSKA;elukacijewska;Group of the European People's Party (Christian Democrats);Platforma Obywatelska;Poland
Peter LUNDGREN;NA;European Conservatives and Reformists Group;Sverigedemokraterna;Sweden
Benoît LUTGEN;BenoitLutgen;Group of the European People's Party (Christian Democrats);Centre Démocrate Humaniste;Belgium
David McALLISTER;davidmcallister;Group of the European People's Party (Christian Democrats);Christlich Demokratische Union Deutschlands;Germany
Mairead McGUINNESS;MaireadMcGMEP;Group of the European People's Party (Christian Democrats);Fine Gael Party;Ireland
Anthea McINTYRE;anthea_mcintyre;European Conservatives and Reformists Group;Conservative Party;United Kingdom
Aileen McLEOD;AileenMcLeodSNP;Group of the Greens/European Free Alliance;Scottish National Party;United Kingdom
Jaak MADISON;JaakMadison;Identity and Democracy Group;Eesti Konservatiivne Rahvaerakond;Estonia
Cristina MAESTRE MARTÍN DE ALMAGRO;crismaestre;Group of the Progressive Alliance of Socialists and Democrats in the European Parliament;Partido Socialista Obrero Español;Spain
Magid MAGID;MagicMagid;Group of the Greens/European Free Alliance;Green Party;United Kingdom
Pierfrancesco MAJORINO;NA;Group of the Progressive Alliance of Socialists and Democrats in the European Parliament;Partito Democratico;Italy
Aušra MALDEIKIENĖ;maldeikiene;Group of the European People's Party (Christian Democrats);Independent;Lithuania
Adriana MALDONADO LÓPEZ;_AMaldonado_;Group of the Progressive Alliance of Socialists and Democrats in the European Parliament;Partido Socialista Obrero Español;Spain
Claudiu MANDA;Claudiu_Manda;Group of the Progressive Alliance of Socialists and Democrats in the European Parliament;Partidul Social Democrat;Romania
Antonius MANDERS;NA;Group of the European People's Party (Christian Democrats);50 PLUS;Netherlands
Lukas MANDL;lukasmandl;Group of the European People's Party (Christian Democrats);Österreichische Volkspartei;Austria
Thierry MARIANI;ThierryMARIANI;Identity and Democracy Group;Rassemblement national;France
Marian-Jean MARINESCU;MarianMarinescu;Group of the European People's Party (Christian Democrats);Partidul Naţional Liberal;Romania
Erik MARQUARDT;ErikMarquardt;Group of the Greens/European Free Alliance;Bündnis 90/Die Grünen;Germany
L-Onor. Margarida MARQUES;mmargmarques;Group of the Progressive Alliance of Socialists and Democrats in the European Parliament;Partido Socialista;Portugal
Pedro MARQUES;pmdjmarques;Group of the Progressive Alliance of Socialists and Democrats in the European Parliament;Partido Socialista;Portugal
Fulvio MARTUSCIELLO;fulviomartuscie;Group of the European People's Party (Christian Democrats);Forza Italia;Italy
Marisa MATIAS;mmatias_;Confederal Group of the European United Left - Nordic Green Left;Bloco de Esquerda;Portugal
Predrag Fred MATIĆ;fred_matic;Group of the Progressive Alliance of Socialists and Democrats in the European Parliament;Socijaldemokratska partija Hrvatske;Croatia
Emmanuel MAUREL;emmanuelmaurel;Confederal Group of the European United Left - Nordic Green Left;La France Insoumise;France
Costas MAVRIDES;MavridesCostas;Group of the Progressive Alliance of Socialists and Democrats in the European Parliament;Democratic Party;Cyprus
Radka MAXOVÁ;radkamaxova;Renew Europe Group;ANO 2011;Czechia
Eva MAYDELL;EvaMaydell;Group of the European People's Party (Christian Democrats);Citizens for European Development of Bulgaria;Bulgaria
Georg MAYER;georgmayermep;Identity and Democracy Group;Freiheitliche Partei Österreichs;Austria
Beata MAZUREK;beatamk;European Conservatives and Reformists Group;Prawo i Sprawiedliwość;Poland
Liudas MAŽYLIS;NA;Group of the European People's Party (Christian Democrats);Tėvynės sąjunga-Lietuvos krikščionys demokratai;Lithuania
Vangelis MEIMARAKIS;NA;Group of the European People's Party (Christian Democrats);Nea Demokratia;Greece
Dace MELBĀRDE;NA;European Conservatives and Reformists Group;"Nacionālā apvienība ""Visu Latvijai!""-""Tēvzemei un Brīvībai/LNNK""";Latvia
Karen MELCHIOR;karmel80;Renew Europe Group;Det Radikale Venstre;Denmark
Joëlle MÉLIN;JoelleMelinRN;Identity and Democracy Group;Rassemblement national;France
Nuno MELO;NunoMeloCDS;Group of the European People's Party (Christian Democrats);Partido do Centro Democrático Social-Partido Popular;Portugal
Roberta METSOLA;RobertaMetsola;Group of the European People's Party (Christian Democrats);Partit Nazzjonalista;Malta
Tilly METZ;NA;Group of the Greens/European Free Alliance;Déi Gréng - Les Verts;Luxembourg
Jörg MEUTHEN;Joerg_Meuthen;Identity and Democracy Group;Alternative für Deutschland;Germany
Martina MICHELS;martina_michels;Confederal Group of the European United Left - Nordic Green Left;DIE LINKE.;Germany
Iskra MIHAYLOVA;Iskra_Mihaylova;Renew Europe Group;Movement for Rights and Freedoms;Bulgaria
Sven MIKSER;svenmikser;Group of the Progressive Alliance of Socialists and Democrats in the European Parliament;Sotsiaaldemokraatlik Erakond;Estonia
Giuseppe MILAZZO;giuseppemilaz11;Group of the European People's Party (Christian Democrats);Forza Italia;Italy
Francisco José MILLÁN MON;NA;Group of the European People's Party (Christian Democrats);Partido Popular;Spain
Leszek MILLER;LeszekMiller;Group of the Progressive Alliance of Socialists and Democrats in the European Parliament;Sojusz Lewicy Demokratycznej;Poland
Baroness Nosheena MOBARIK;NosheenaMobarik;European Conservatives and Reformists Group;Conservative Party;United Kingdom
Silvia MODIG;silviamodig;Confederal Group of the European United Left - Nordic Green Left;Vasemmistoliitto;Finland
Shaffaq MOHAMMED;shaffaqmohd;Renew Europe Group;Liberal Democrats;United Kingdom
Csaba MOLNÁR;NA;Group of the Progressive Alliance of Socialists and Democrats in the European Parliament;Demokratikus Koalíció;Hungary
Cláudia MONTEIRO DE AGUIAR;cmonteiroaguiar;Group of the European People's Party (Christian Democrats);Partido Social Democrata;Portugal
Brian MONTEITH;TheBluetrot;Non-attached Members;The Brexit Party;United Kingdom
Dolors MONTSERRAT;DolorsMM;Group of the European People's Party (Christian Democrats);Partido Popular;Spain
Claude MORAES;Claude_Moraes;Group of the Progressive Alliance of Socialists and Democrats in the European Parliament;Labour Party;United Kingdom
Nadine MORANO;nadine__morano;Group of the European People's Party (Christian Democrats);Les Républicains;France
Javier MORENO SÁNCHEZ;NA;Group of the Progressive Alliance of Socialists and Democrats in the European Parliament;Partido Socialista Obrero Español;Spain
Alessandra MORETTI;ale_moretti;Group of the Progressive Alliance of Socialists and Democrats in the European Parliament;Partito Democratico;Italy
Marlene MORTLER;MimiMortler;Group of the European People's Party (Christian Democrats);Christlich-Soziale Union in Bayern e.V.;Germany
Dan-Ștefan MOTREANU;Dan_Motreanu;Group of the European People's Party (Christian Democrats);Partidul Naţional Liberal;Romania
Andżelika Anna MOŻDŻANOWSKA;NA;European Conservatives and Reformists Group;Prawo i Sprawiedliwość;Poland
Ulrike MÜLLER;UliMuellerMdEP;Renew Europe Group;Freie Wähler;Germany
June Alison MUMMERY;june_mummery;Non-attached Members;The Brexit Party;United Kingdom
Siegfried MUREŞAN;SMuresan;Group of the European People's Party (Christian Democrats);Partidul Naţional Liberal;Romania
Caroline NAGTEGAAL;C_Nagtegaal;Renew Europe Group;Volkspartij voor Vrijheid en Democratie;Netherlands
Javier NART;NA;Renew Europe Group;Ciudadanos – Partido de la Ciudadanía;Spain
Lucy NETHSINGHA;LNethsingha;Renew Europe Group;Liberal Democrats;United Kingdom
Hannah NEUMANN;Hannah_LBerg;Group of the Greens/European Free Alliance;Bündnis 90/Die Grünen;Germany
Norbert NEUSER;NA;Group of the Progressive Alliance of Socialists and Democrats in the European Parliament;Sozialdemokratische Partei Deutschlands;Germany
Bill NEWTON DUNN;billnewtondunn;Renew Europe Group;Liberal Democrats;United Kingdom
Dan NICA;NA;Group of the Progressive Alliance of Socialists and Democrats in the European Parliament;Partidul Social Democrat;Romania
Angelika NIEBLER;ANiebler;Group of the European People's Party (Christian Democrats);Christlich-Soziale Union in Bayern e.V.;Germany
Luděk NIEDERMAYER;LudekNie;Group of the European People's Party (Christian Democrats);TOP 09 a Starostové;Czechia
Niklas NIENASS;nnienass;Group of the Greens/European Free Alliance;Bündnis 90/Die Grünen;Germany
Ville NIINISTÖ;VilleNiinisto;Group of the Greens/European Free Alliance;Vihreä liitto;Finland
Lefteris NIKOLAOU-ALAVANOS;NA;Non-attached Members;Communist Party of Greece;Greece
Maria NOICHL;MariaNoichl;Group of the Progressive Alliance of Socialists and Democrats in the European Parliament;Sozialdemokratische Partei Deutschlands;Germany
Ljudmila NOVAK;LjudmilaNovak;Group of the European People's Party (Christian Democrats);Nova Slovenija – Krščanski demokrati;Slovenia
Andrey NOVAKOV;AndreyNovakov;Group of the European People's Party (Christian Democrats);Citizens for European Development of Bulgaria;Bulgaria
Grace O'SULLIVAN;GraceOSllvn;Group of the Greens/European Free Alliance;Green Party;Ireland
Janina OCHOJSKA;JaninaOchojska;Group of the European People's Party (Christian Democrats);Bezpartyjna;Poland
Jan-Christoph OETJEN;jcoetjen;Renew Europe Group;Freie Demokratische Partei;Germany
Jan OLBRYCHT;JanOlbrycht;Group of the European People's Party (Christian Democrats);Platforma Obywatelska;Poland
Juozas OLEKAS;NA;Group of the Progressive Alliance of Socialists and Democrats in the European Parliament;Lietuvos socialdemokratų partija;Lithuania
Philippe OLIVIER;PhOlivierRN;Identity and Democracy Group;Rassemblement national;France
Younous OMARJEE;younousomarjee;Confederal Group of the European United Left - Nordic Green Left;La France Insoumise;France
Henrik OVERGAARD NIELSEN;brexithenrik;Non-attached Members;The Brexit Party;United Kingdom
Urmas PAET;Urmaspaet;Renew Europe Group;Eesti Reformierakond;Estonia
Maite PAGAZAURTUNDÚA;maitepagaza;Renew Europe Group;Delegación Ciudadanos Europeos;Spain
Rory PALMER;Rory_Palmer;Group of the Progressive Alliance of Socialists and Democrats in the European Parliament;Labour Party;United Kingdom
Alessandro PANZA;Ale_panza;Identity and Democracy Group;Lega;Italy
Demetris PAPADAKIS;DemPapadakis;Group of the Progressive Alliance of Socialists and Democrats in the European Parliament;Movement for Social Democracy EDEK;Cyprus
Konstantinos PAPADAKIS;NA;Non-attached Members;Communist Party of Greece;Greece
Dimitrios PAPADIMOULIS;papadimoulis;Confederal Group of the European United Left - Nordic Green Left;Coalition of the Radical Left;Greece
Aldo PATRICIELLO;PatricielloAldo;Group of the European People's Party (Christian Democrats);Forza Italia;Italy
Matthew PATTEN;math_patten;Non-attached Members;The Brexit Party;United Kingdom
Jutta PAULUS;JuttaPaulusRLP;Group of the Greens/European Free Alliance;Bündnis 90/Die Grünen;Germany
Piernicola PEDICINI;PediciniM5S;Non-attached Members;Movimento 5 Stelle;Italy
Kris PEETERS;peeters_kris1;Group of the European People's Party (Christian Democrats);Christen-Democratisch & Vlaams;Belgium
Mauri PEKKARINEN;PekkarinenMauri;Renew Europe Group;Suomen Keskusta;Finland
Mikuláš PEKSA;vonpecka;Group of the Greens/European Free Alliance;PIRÁTI;Czechia
Anne-Sophie PELLETIER;ASPelletier;Confederal Group of the European United Left - Nordic Green Left;La France Insoumise;France
Tsvetelina PENKOVA;NA;Group of the Progressive Alliance of Socialists and Democrats in the European Parliament;Bulgarian Socialist Party;Bulgaria
Sandra PEREIRA;SPereira64600;Confederal Group of the European United Left - Nordic Green Left;Partido Comunista Português;Portugal
Lídia PEREIRA;lidiafopereira;Group of the European People's Party (Christian Democrats);Partido Social Democrata;Portugal
Kira Marie PETER-HANSEN;Kira_MPH;Group of the Greens/European Free Alliance;Socialistisk Folkeparti;Denmark
Morten Helveg PETERSEN;mortenhelveg;Renew Europe Group;Det Radikale Venstre;Denmark
Alexandra Louise Rosenfield PHILLIPS;alexforeurope;Group of the Greens/European Free Alliance;Green Party;United Kingdom
Alexandra Lesley PHILLIPS;BrexitAlex;Non-attached Members;The Brexit Party;United Kingdom
Pina PICIERNO;pinapic;Group of the Progressive Alliance of Socialists and Democrats in the European Parliament;Partito Democratico;Italy
Tonino PICULA;TPicula;Group of the Progressive Alliance of Socialists and Democrats in the European Parliament;Socijaldemokratska partija Hrvatske;Croatia
Markus PIEPER;markuspieperMEP;Group of the European People's Party (Christian Democrats);Christlich Demokratische Union Deutschlands;Germany
Sirpa PIETIKÄINEN;spietikainen;Group of the European People's Party (Christian Democrats);Kansallinen Kokoomus;Finland
Sabrina PIGNEDOLI;SabriPignedoli;Non-attached Members;Movimento 5 Stelle;Italy
Manu PINEDA MARÍN;Manu_Abu_Carlos;Confederal Group of the European United Left - Nordic Green Left;PODEMOS;Spain
Maxette PIRBAKAS;NA;Identity and Democracy Group;Rassemblement national;France
Kati PIRI;KatiPiri;Group of the Progressive Alliance of Socialists and Democrats in the European Parliament;Partij van de Arbeid;Netherlands
Giuliano PISAPIA;giulianopisapia;Group of the Progressive Alliance of Socialists and Democrats in the European Parliament;Partito Democratico;Italy
Dragoș PÎSLARU;dragosh_pislaru;Renew Europe Group;Partidul Libertate, Unitate și Solidaritate;Romania
Manuel PIZARRO;MPizarroPorto;Group of the Progressive Alliance of Socialists and Democrats in the European Parliament;Partido Socialista;Portugal
Rovana PLUMB;rovanaplumb;Group of the Progressive Alliance of Socialists and Democrats in the European Parliament;Partidul Social Democrat;Romania
Stanislav POLČÁK;stanislavpolcak;Group of the European People's Party (Christian Democrats);Starostové a nezávisli;Czechia
Jessica POLFJÄRD;jessicapolfjard;Group of the European People's Party (Christian Democrats);Moderaterna;Sweden
Peter POLLÁK;NA;Group of the European People's Party (Christian Democrats);Obyčajní ľudia a nezávislé osobnosti;Slovakia
Tomasz Piotr PORĘBA;TomaszPoreba;European Conservatives and Reformists Group;Prawo i Sprawiedliwość;Poland
Luisa PORRITT;LuisaPorritt;Renew Europe Group;Liberal Democrats;United Kingdom
Jiří POSPÍŠIL;Pospisil_Jiri;Group of the European People's Party (Christian Democrats);TOP 09 a Starostové;Czechia
Nicola PROCACCINI;NProcaccini;European Conservatives and Reformists Group;Fratelli d'Italia;Italy
Jake PUGH;jake_pugh;Non-attached Members;The Brexit Party;United Kingdom
Miroslav RADAČOVSKÝ;NA;Non-attached Members;Independent;Slovakia
Emil RADEV;Emil_Radev;Group of the European People's Party (Christian Democrats);Citizens for European Development of Bulgaria;Bulgaria
Dennis RADTKE;RadtkeMdEP;Group of the European People's Party (Christian Democrats);Christlich Demokratische Union Deutschlands;Germany
Samira RAFAELA;samiraraf;Renew Europe Group;Democraten 66;Netherlands
Elżbieta RAFALSKA;E_Rafalska;European Conservatives and Reformists Group;Prawo i Sprawiedliwość;Poland
Paulo RANGEL;PauloRangel_pt;Group of the European People's Party (Christian Democrats);Partido Social Democrata;Portugal
Annunziata Mary REES-MOGG;zatzi;Non-attached Members;The Brexit Party;United Kingdom
Luisa REGIMENTI;luisaregimenti;Identity and Democracy Group;Lega;Italy
Evelyn REGNER;Evelyn_Regner;Group of the Progressive Alliance of Socialists and Democrats in the European Parliament;Sozialdemokratische Partei Österreichs;Austria
Sira REGO;sirarego;Confederal Group of the European United Left - Nordic Green Left;PODEMOS;Spain
Guido REIL;GuidoReil;Identity and Democracy Group;Alternative für Deutschland;Germany
Terry REINTKE;TerryReintke;Group of the Greens/European Free Alliance;Bündnis 90/Die Grünen;Germany
Karlo RESSLER;KarloRessler;Group of the European People's Party (Christian Democrats);Hrvatska demokratska zajednica;Croatia
Diana RIBA I GINER;DianaRibaGiner;Group of the Greens/European Free Alliance;Esquerra Republicana de Catalunya;Spain
Frédérique RIES;Frederiqueries;Renew Europe Group;Mouvement Réformateur;Belgium
Antonio Maria RINALDI;Rinaldi_euro;Identity and Democracy Group;Lega;Italy
Dominique RIQUET;DominiqueRiquet;Renew Europe Group;Mouvement Radical Social-Libéral;France
Sheila RITCHIE;europesheila;Renew Europe Group;Liberal Democrats;United Kingdom
Michèle RIVASI;MicheleRivasi;Group of the Greens/European Free Alliance;Europe Écologie;France
Jérôme RIVIÈRE;jerome_riviere;Identity and Democracy Group;Rassemblement national;France
Franco ROBERTI;francorobertieu;Group of the Progressive Alliance of Socialists and Democrats in the European Parliament;Partito Democratico;Italy
Inma RODRÍGUEZ-PIÑERO;RodriguezPinero;Group of the Progressive Alliance of Socialists and Democrats in the European Parliament;Partido Socialista Obrero Español;Spain
Eugenia RODRÍGUEZ PALOP;MEugeniaRPalop;Confederal Group of the European United Left - Nordic Green Left;PODEMOS;Spain
María Soraya RODRÍGUEZ RAMOS;sorayarr_;Renew Europe Group;Ciudadanos – Partido de la Ciudadanía;Spain
Sándor RÓNAI;sandor_ronai;Group of the Progressive Alliance of Socialists and Democrats in the European Parliament;Demokratikus Koalíció;Hungary
Daniela RONDINELLI;Dani_Rondinelli;Non-attached Members;Movimento 5 Stelle;Italy
Rob ROOKEN;rooken;European Conservatives and Reformists Group;Forum voor Democratie;Netherlands
Robert ROOS;Rob_Roos;European Conservatives and Reformists Group;Forum voor Democratie;Netherlands
Caroline ROOSE;NA;Group of the Greens/European Free Alliance;Alliance Écologiste Indépendante;France
Bronis ROPĖ;BronisRopeLT;Group of the Greens/European Free Alliance;Lietuvos valstiečių ir žaliųjų sąjunga;Lithuania
André ROUGÉ;NA;Identity and Democracy Group;Rassemblement national;France
Catherine ROWETT;catherinerowett;Group of the Greens/European Free Alliance;Green Party;United Kingdom
Robert ROWLAND;RowlandBrexitSE;Non-attached Members;The Brexit Party;United Kingdom
Bert-Jan RUISSEN;hjaruissen;European Conservatives and Reformists Group;Staatkundig Gereformeerde Partij;Netherlands
Domènec RUIZ DEVESA;DomenecD;Group of the Progressive Alliance of Socialists and Democrats in the European Parliament;Partido Socialista Obrero Español;Spain
Bogdan RZOŃCA;Bogdan_Rzonca;European Conservatives and Reformists Group;Prawo i Sprawiedliwość;Poland
Massimiliano SALINI;MaxSalini;Group of the European People's Party (Christian Democrats);Forza Italia;Italy
Nacho SÁNCHEZ AMOR;NachoSAmor;Group of the Progressive Alliance of Socialists and Democrats in the European Parliament;Partido Socialista Obrero Español;Spain
Anne SANDER;ASanderMEP;Group of the European People's Party (Christian Democrats);Les Républicains;France
Alfred SANT;SantAlfred;Group of the Progressive Alliance of Socialists and Democrats in the European Parliament;Partit Laburista;Malta
Isabel SANTOS;isabel_mep;Group of the Progressive Alliance of Socialists and Democrats in the European Parliament;Partido Socialista;Portugal
Silvia SARDONE;SardoneSilvia;Identity and Democracy Group;Lega;Italy
Petri SARVAMAA;petrisarvamaa;Group of the European People's Party (Christian Democrats);Kansallinen Kokoomus;Finland
Jacek SARYUSZ-WOLSKI;JSaryuszWolski;European Conservatives and Reformists Group;Prawo i Sprawiedliwość;Poland
David-Maria SASSOLI;DavidSassoli;Group of the Progressive Alliance of Socialists and Democrats in the European Parliament;Partito Democratico;Italy
Mounir SATOURI;MounirSatouri;Group of the Greens/European Free Alliance;Europe Écologie;France
Christel SCHALDEMOSE;SchaldemoseMEP;Group of the Progressive Alliance of Socialists and Democrats in the European Parliament;Socialdemokratiet;Denmark
Andreas SCHIEDER;SCHIEDER;Group of the Progressive Alliance of Socialists and Democrats in the European Parliament;Sozialdemokratische Partei Österreichs;Austria
Martin SCHIRDEWAN;schirdewan;Confederal Group of the European United Left - Nordic Green Left;DIE LINKE.;Germany
Simone SCHMIEDTBAUER;NA;Group of the European People's Party (Christian Democrats);Österreichische Volkspartei;Austria
Nicolas SCHMIT;nicolasschmit2;Group of the Progressive Alliance of Socialists and Democrats in the European Parliament;Parti ouvrier socialiste luxembourgeois;Luxembourg
Christine SCHNEIDER;ChSchneider;Group of the European People's Party (Christian Democrats);Christlich Demokratische Union Deutschlands;Germany
Helmut SCHOLZ;HelmutScholzMEP;Confederal Group of the European United Left - Nordic Green Left;DIE LINKE.;Germany
Annie SCHREIJER-PIERIK;AnnieSchreijer;Group of the European People's Party (Christian Democrats);Christen Democratisch Appèl;Netherlands
Liesje SCHREINEMACHER;LSchreinemacher;Renew Europe Group;Volkspartij voor Vrijheid en Democratie;Netherlands
Sven SCHULZE;schulzeeuropa;Group of the European People's Party (Christian Democrats);Christlich Demokratische Union Deutschlands;Germany
Joachim SCHUSTER;NA;Group of the Progressive Alliance of Socialists and Democrats in the European Parliament;Sozialdemokratische Partei Deutschlands;Germany
Andreas SCHWAB;Andreas_Schwab;Group of the European People's Party (Christian Democrats);Christlich Demokratische Union Deutschlands;Germany
Molly SCOTT CATO;MollyMEP;Group of the Greens/European Free Alliance;Green Party;United Kingdom
Ralf SEEKATZ;NA;Group of the European People's Party (Christian Democrats);Christlich Demokratische Union Deutschlands;Germany
Stéphane SÉJOURNÉ;steph_sejourne;Renew Europe Group;La République en marche;France
Monica SEMEDO;MonicaSemedoLux;Renew Europe Group;Parti démocratique;Luxembourg
Nico SEMSROTT;nicosemsrott;Group of the Greens/European Free Alliance;Die PARTEI;Germany
Günther SIDL;NA;Group of the Progressive Alliance of Socialists and Democrats in the European Parliament;Sozialdemokratische Partei Österreichs;Austria
Radosław SIKORSKI;sikorskiradek;Group of the European People's Party (Christian Democrats);Platforma Obywatelska;Poland
Pedro SILVA PEREIRA;NA;Group of the Progressive Alliance of Socialists and Democrats in the European Parliament;Partido Socialista;Portugal
Michal ŠIMEČKA;NA;Renew Europe Group;Progresívne Slovensko;Slovakia
Sven SIMON;svensimon;Group of the European People's Party (Christian Democrats);Christlich Demokratische Union Deutschlands;Germany
Ivan Vilibor SINČIĆ;NA;Non-attached Members;Živi Zid;Croatia
Birgit SIPPEL;BirgitSippelMEP;Group of the Progressive Alliance of Socialists and Democrats in the European Parliament;Sozialdemokratische Partei Deutschlands;Germany
Sara SKYTTEDAL;skyttedal;Group of the European People's Party (Christian Democrats);Kristdemokraterna;Sweden
Andrey SLABAKOV;NA;European Conservatives and Reformists Group;VMRO;Bulgaria
Massimiliano SMERIGLIO;maxsmeriglio;Group of the Progressive Alliance of Socialists and Democrats in the European Parliament;Partito Democratico;Italy
Alyn SMITH;AlynSmith;Group of the Greens/European Free Alliance;Scottish National Party;United Kingdom
Michaela ŠOJDROVÁ;msojdrova;Group of the European People's Party (Christian Democrats);Křesťanská a demokratická unie - Československá strana lidová;Czechia
Tomislav SOKOL;TomislavSokol;Group of the European People's Party (Christian Democrats);Hrvatska demokratska zajednica;Croatia
Susana SOLÍS PÉREZ;susanasolisp;Renew Europe Group;Ciudadanos – Partido de la Ciudadanía;Spain
Martin SONNEBORN;MartinSonneborn;Non-attached Members;Die PARTEI;Germany
Sylwia SPUREK;SylwiaSpurek;Group of the Progressive Alliance of Socialists and Democrats in the European Parliament;Wiosna;Poland
Maria SPYRAKI;MariaSpyraki;Group of the European People's Party (Christian Democrats);Nea Demokratia;Greece
Raffaele STANCANELLI;r_stancanelli;European Conservatives and Reformists Group;Fratelli d'Italia;Italy
Sergei STANISHEV;SergeiStanishev;Group of the Progressive Alliance of Socialists and Democrats in the European Parliament;Bulgarian Socialist Party;Bulgaria
Louis STEDMAN-BRYCE;Lstedmanbryce;Non-attached Members;The Brexit Party;United Kingdom
Ivan ŠTEFANEC;IvanStefanec;Group of the European People's Party (Christian Democrats);Kresťanskodemokratické hnutie;Slovakia
Nicolae ȘTEFĂNUȚA;nicustefanuta;Renew Europe Group;Uniunea Salvați România;Romania
Jessica STEGRUD;JessicaStegrud;European Conservatives and Reformists Group;Sverigedemokraterna;Sweden
Tineke STRIK;Tineke_Strik;Group of the Greens/European Free Alliance;GroenLinks;Netherlands
Ramona STRUGARIU;RamonaStrugariu;Renew Europe Group;Partidul Libertate, Unitate și Solidaritate;Romania
Dubravka ŠUICA;dubravkasuica;Group of the European People's Party (Christian Democrats);Hrvatska demokratska zajednica;Croatia
József SZÁJER;NA;Group of the European People's Party (Christian Democrats);Fidesz-Magyar Polgári Szövetség-Kereszténydemokrata Néppárt;Hungary
Beata SZYDŁO;BeataSzydlo;European Conservatives and Reformists Group;Prawo i Sprawiedliwość;Poland
Antonio TAJANI;Antonio_Tajani;Group of the European People's Party (Christian Democrats);Forza Italia;Italy
Paul TANG;paultang;Group of the Progressive Alliance of Socialists and Democrats in the European Parliament;Partij van de Arbeid;Netherlands
Marc TARABELLA;marctarabella;Group of the Progressive Alliance of Socialists and Democrats in the European Parliament;Parti Socialiste;Belgium
Annalisa TARDINO;TardinoAnnalisa;Identity and Democracy Group;Lega;Italy
Vera TAX;Vera_Tax;Group of the Progressive Alliance of Socialists and Democrats in the European Parliament;Partij van de Arbeid;Netherlands
John David Edward TENNANT;NA;Non-attached Members;The Brexit Party;United Kingdom
Cristian TERHEȘ;CristianTerhes;Group of the Progressive Alliance of Socialists and Democrats in the European Parliament;Partidul Social Democrat;Romania
Hermann TERTSCH;hermanntertsch;European Conservatives and Reformists Group;VOX;Spain
Barbara THALER;thalerbarbara;Group of the European People's Party (Christian Democrats);Österreichische Volkspartei;Austria
Róża THUN UND HOHENSTEIN;rozathun;Group of the European People's Party (Christian Democrats);Platforma Obywatelska;Poland
Richard James TICE;TiceRichard;Non-attached Members;The Brexit Party;United Kingdom
Frans TIMMERMANS;TimmermansEU;Group of the Progressive Alliance of Socialists and Democrats in the European Parliament;Partij van de Arbeid;Netherlands
Irene TINAGLI;itinagli;Group of the Progressive Alliance of Socialists and Democrats in the European Parliament;Partito Democratico;Italy
Tomas TOBÉ;tomastobe;Group of the European People's Party (Christian Democrats);Moderaterna;Sweden
Grzegorz TOBISZOWSKI;tobiszowski;European Conservatives and Reformists Group;Prawo i Sprawiedliwość;Poland
Patrizia TOIA;toiapatrizia;Group of the Progressive Alliance of Socialists and Democrats in the European Parliament;Partito Democratico;Italy
Irène TOLLERET;ITolleret;Renew Europe Group;Liste Rennaisance;France
Eugen TOMAC;eugen_tomac;Group of the European People's Party (Christian Democrats);Partidul Mișcarea Populară;Romania
Valdemar TOMAŠEVSKI;NA;European Conservatives and Reformists Group;Lietuvos lenkų rinkimų akcija – Krikščioniškų šeimų sąjunga;Lithuania
Ruža TOMAŠIĆ;NA;European Conservatives and Reformists Group;Independent;Croatia
Romana TOMC;RomanaTomc;Group of the European People's Party (Christian Democrats);Slovenska demokratska stranka;Slovenia
Yana TOOM;YanaToom;Renew Europe Group;Eesti Keskerakond;Estonia
Nils TORVALDS;NilsTorvalds;Renew Europe Group;Svenska folkpartiet;Finland
Evžen TOŠENOVSKÝ;EvzenTosenovsky;European Conservatives and Reformists Group;Občanská demokratická strana;Czechia
Edina TÓTH;toth_edina;Group of the European People's Party (Christian Democrats);Fidesz-Magyar Polgári Szövetség-Kereszténydemokrata Néppárt;Hungary
Marie TOUSSAINT;marietouss1;Group of the Greens/European Free Alliance;Europe Écologie;France
Isabella TOVAGLIERI;isatovaglieri;Identity and Democracy Group;Lega;Italy
Véronique TRILLET-LENOIR;VTrillet_Lenoir;Renew Europe Group;Liste Rennaisance;France
László TRÓCSÁNYI;trocsanyi;Group of the European People's Party (Christian Democrats);Fidesz-Magyar Polgári Szövetség-Kereszténydemokrata Néppárt;Hungary
Dragoș TUDORACHE;IoanDragosT;Renew Europe Group;Partidul Libertate, Unitate și Solidaritate;Romania
Mihai TUDOSE;MihaiTudosePM;Group of the Progressive Alliance of Socialists and Democrats in the European Parliament;PRO Romania;Romania
Milan UHRÍK;NA;Non-attached Members;Kotleba – Ľudová strana Naše Slovensko;Slovakia
István UJHELYI;istvan_ujhelyi;Group of the Progressive Alliance of Socialists and Democrats in the European Parliament;Magyar Szocialista Párt;Hungary
Miguel URBÁN CRESPO;MiguelUrban;Confederal Group of the European United Left - Nordic Green Left;PODEMOS;Spain
Ernest URTASUN;ernesturtasun;Group of the Greens/European Free Alliance;Catalunya en Comú;Spain
Nils UŠAKOVS;nilsusakovs;Group of the Progressive Alliance of Socialists and Democrats in the European Parliament;"""Saskaņa"" sociāldemokrātiskā partija";Latvia
Viktor USPASKICH;ViktorUspaskich;Renew Europe Group;Darbo partija;Lithuania
Inese VAIDERE;IneseVaidere;Group of the European People's Party (Christian Democrats);"Partija ""VIENOTĪBA""";Latvia
Adina-Ioana VĂLEAN;AdinaValean;Group of the European People's Party (Christian Democrats);Partidul Naţional Liberal;Romania
Monika VANA;MonikaVana;Group of the Greens/European Free Alliance;Die Grünen - Die Grüne Alternative;Austria
Kathleen VAN BREMPT;kvanbrempt;Group of the Progressive Alliance of Socialists and Democrats in the European Parliament;Socialistische Partij.Anders;Belgium
Tom VANDENDRIESSCHE;TomVandendriess;Identity and Democracy Group;Vlaams Belang;Belgium
Geoffrey VAN ORDEN;GVOMEP;European Conservatives and Reformists Group;Conservative Party;United Kingdom
Johan VAN OVERTVELDT;jvanovertveldt;European Conservatives and Reformists Group;Nieuw-Vlaamse Alliantie;Belgium
Kim VAN SPARRENTAK;kimvsparrentak;Group of the Greens/European Free Alliance;GroenLinks;Netherlands
Hilde VAUTMANS;hildevautmans;Renew Europe Group;Open Vlaamse Liberalen en Democraten;Belgium
Marie-Pierre VEDRENNE;MariePierreV;Renew Europe Group;Mouvement Démocrate;France
Kyriakos VELOPOULOS;NA;European Conservatives and Reformists Group;Elliniki Lusi-Greek Solution;Greece
Sabine VERHEYEN;sabineverheyen;Group of the European People's Party (Christian Democrats);Christlich Demokratische Union Deutschlands;Germany
Guy VERHOFSTADT;guyverhofstadt;Renew Europe Group;Open Vlaamse Liberalen en Democraten;Belgium
Harald VILIMSKY;vilimsky;Identity and Democracy Group;Freiheitliche Partei Österreichs;Austria
Idoia VILLANUEVA RUIZ;IdoiaVR;Confederal Group of the European United Left - Nordic Green Left;PODEMOS;Spain
Nikolaj VILLUMSEN;nvillumsen;Confederal Group of the European United Left - Nordic Green Left;Enhedslisten;Denmark
Lorant-Gyorgy VINCZE;vinczelorant;Group of the European People's Party (Christian Democrats);Uniunea Democrată Maghiară din România;Romania
Henna VIRKKUNEN;HennaVirkkunen;Group of the European People's Party (Christian Democrats);Kansallinen Kokoomus;Finland
Petar VITANOV;NA;Group of the Progressive Alliance of Socialists and Democrats in the European Parliament;Bulgarian Socialist Party;Bulgaria
Caroline VOADEN;CarolineVoaden;Renew Europe Group;Liberal Democrats;United Kingdom
Bettina VOLLATH;NA;Group of the Progressive Alliance of Socialists and Democrats in the European Parliament;Sozialdemokratische Partei Österreichs;Austria
Viola VON CRAMON-TAUBADEL;ViolavonCramon;Group of the Greens/European Free Alliance;Bündnis 90/Die Grünen;Germany
Alexandr VONDRA;AlexandrVondra;European Conservatives and Reformists Group;Občanská demokratická strana;Czechia
Irina VON WIESE;IrinavonWiese;Renew Europe Group;Liberal Democrats;United Kingdom
Axel VOSS;AxelVossMdEP;Group of the European People's Party (Christian Democrats);Christlich Demokratische Union Deutschlands;Germany
Elissavet VOZEMBERG-VRIONIDI;vozemberg;Group of the European People's Party (Christian Democrats);Nea Demokratia;Greece
Veronika VRECIONOVÁ;vrecionova;European Conservatives and Reformists Group;Občanská demokratická strana;Czechia
Lucia VUOLO;LuciaVuoloEU;Identity and Democracy Group;Lega;Italy
Mick WALLACE;wallacemick;Confederal Group of the European United Left - Nordic Green Left;Independents for change;Ireland
Maria WALSH;MariaWalshEU;Group of the European People's Party (Christian Democrats);Fine Gael Party;Ireland
Marion WALSMANN;MarionWalsmann;Group of the European People's Party (Christian Democrats);Christlich Demokratische Union Deutschlands;Germany
Jörgen WARBORN;jorgenwarborn;Group of the European People's Party (Christian Democrats);Moderaterna;Sweden
Julie WARD;julie4nw;Group of the Progressive Alliance of Socialists and Democrats in the European Parliament;Labour Party;United Kingdom
Witold Jan WASZCZYKOWSKI;WaszczykowskiW;European Conservatives and Reformists Group;Prawo i Sprawiedliwość;Poland
Manfred WEBER;ManfredWeber;Group of the European People's Party (Christian Democrats);Christlich-Soziale Union in Bayern e.V.;Germany
Charlie WEIMERS;weimers;European Conservatives and Reformists Group;Sverigedemokraterna;Sweden
Pernille WEISS;WeissPernille;Group of the European People's Party (Christian Democrats);Det Konservative Folkeparti;Denmark
James WELLS;JamesfWells;Non-attached Members;The Brexit Party;United Kingdom
Right Honourable Ann WIDDECOMBE;NA;Non-attached Members;The Brexit Party;United Kingdom
Rainer WIELAND;NA;Group of the European People's Party (Christian Democrats);Christlich Demokratische Union Deutschlands;Germany
Sarah WIENER;NA;Group of the Greens/European Free Alliance;Die Grünen - Die Grüne Alternative;Austria
Michal WIEZIK;NA;Group of the European People's Party (Christian Democrats);Independent;Slovakia
Iuliu WINKLER;IuliuWinkler;Group of the European People's Party (Christian Democrats);Uniunea Democrată Maghiară din România;Romania
Angelika WINZIG;AngelikaWinzig;Group of the European People's Party (Christian Democrats);Österreichische Volkspartei;Austria
Isabel WISELER-LIMA;iwiseler;Group of the European People's Party (Christian Democrats);Parti chrétien social luxembourgeois;Luxembourg
Jadwiga WIŚNIEWSKA;j_wisniewska;European Conservatives and Reformists Group;Prawo i Sprawiedliwość;Poland
Tiemo WÖLKEN;woelken;Group of the Progressive Alliance of Socialists and Democrats in the European Parliament;Sozialdemokratische Partei Deutschlands;Germany
Salima YENBOU;salima_yenbou;Group of the Greens/European Free Alliance;Europe Écologie;France
Stéphanie YON-COURTIN;s_yoncourtin;Renew Europe Group;-;France
Elena YONCHEVA;elyoncheva;Group of the Progressive Alliance of Socialists and Democrats in the European Parliament;Bulgarian Socialist Party;Bulgaria
Chrysoula ZACHAROPOULOU;CZacharopoulou;Renew Europe Group;La République en marche;France
Theodoros ZAGORAKIS;NA;Group of the European People's Party (Christian Democrats);Nea Demokratia;Greece
Jan ZAHRADIL;ZahradilJan;European Conservatives and Reformists Group;Občanská demokratická strana;Czechia
Anna ZALEWSKA;_AnnaZalewska;European Conservatives and Reformists Group;Prawo i Sprawiedliwość;Poland
Stefania ZAMBELLI;LegaStefania;Identity and Democracy Group;Lega;Italy
Marco ZANNI;Marcozanni86;Identity and Democracy Group;Lega;Italy
Javier ZARZALEJOS;NA;Group of the European People's Party (Christian Democrats);Partido Popular;Spain
Tatjana ŽDANOKA;Tatjana_Zdanoka;Group of the Greens/European Free Alliance;Latvijas Krievu savienība;Latvia
Tomáš ZDECHOVSKÝ;TomZdechovskyEP;Group of the European People's Party (Christian Democrats);Křesťanská a demokratická unie - Československá strana lidová;Czechia
Roberts ZĪLE;robertszile;European Conservatives and Reformists Group;"Nacionālā apvienība ""Visu Latvijai!""-""Tēvzemei un Brīvībai/LNNK""";Latvia
Bernhard ZIMNIOK;NA;Identity and Democracy Group;Alternative für Deutschland;Germany
Kosma ZŁOTOWSKI;KosmaZlotowski;European Conservatives and Reformists Group;Prawo i Sprawiedliwość;Poland
Juan Ignacio ZOIDO ÁLVAREZ;zoidoJI;Group of the European People's Party (Christian Democrats);Partido Popular;Spain
Carlos ZORRINHO;czorrinho;Group of the Progressive Alliance of Socialists and Democrats in the European Parliament;Partido Socialista;Portugal
Željana ZOVKO;ZovkoEU;Group of the European People's Party (Christian Democrats);Hrvatska demokratska zajednica;Croatia
Marco ZULLO;MarcoZullo;Non-attached Members;Movimento 5 Stelle;Italy
Milan ZVER;MilanZver;Group of the European People's Party (Christian Democrats);Slovenska demokratska stranka;Slovenia
