name;twitter_name;group;natparty;country;twitter_id
dr hab. Magdalena ADAMOWICZ;Adamowicz_Magda;Group of the European People's Party (Christian Democrats);Independent;Poland;1100499396041625601
Asim ADEMOV;AdemovAsim;Group of the European People's Party (Christian Democrats);Citizens for European Development of Bulgaria;Bulgaria;907625645773086720
Isabella ADINOLFI;Isa_Adinolfi;Non-attached Members;Movimento 5 Stelle;Italy;2195622679
Matteo ADINOLFI;adinolfi_matteo;Identity and Democracy Group;NA;Italy;1124950201523941376
Alex AGIUS SALIBA;alexagiussaliba;Group of the Progressive Alliance of Socialists and Democrats in the European Parliament;Partit Laburista;Malta;91314199
Clara AGUILERA;ClaraAguilera7;Group of the Progressive Alliance of Socialists and Democrats in the European Parliament;Partido Socialista Obrero Español;Spain;939966774
Scott AINSLIE;ScottMEPLondon;Group of the Greens/European Free Alliance;Green Party;United Kingdom;1301100498
François ALFONSI;F_Alfonsi;Group of the Greens/European Free Alliance;Régions et Peuples Solidaires;France;60264136
Christian ALLARD;Christia_Allard;Group of the Greens/European Free Alliance;Scottish National Party;United Kingdom;932563111
Andris AMERIKS;AndrisAmeriks;Group of the Progressive Alliance of Socialists and Democrats in the European Parliament;"""Saskaņa"" sociāldemokrātiskā partija";Latvia;102979056
Martina ANDERSON;M_AndersonSF;Confederal Group of the European United Left - Nordic Green Left;Sinn Fein;United Kingdom;192877061
Rasmus ANDRESEN;RasmusAndresen;Group of the Greens/European Free Alliance;Bündnis 90/Die Grünen;Germany;16606874
Eric ANDRIEU;EricAndrieuEU;Group of the Progressive Alliance of Socialists and Democrats in the European Parliament;Parti socialiste;France;415475621
Nikos ANDROULAKIS;androulakisnick;Group of the Progressive Alliance of Socialists and Democrats in the European Parliament;PASOK-KINAL;Greece;581103570
Gerolf ANNEMANS;gannemans;Identity and Democracy Group;Vlaams Belang;Belgium;145252665
Andrus ANSIP;Ansip_EU;Renew Europe Group;Eesti Reformierakond;Estonia;2803587655
Attila ARA-KOVÁCS;AraKovacs;Group of the Progressive Alliance of Socialists and Democrats in the European Parliament;Demokratikus Koalíció;Hungary;2226678240
Maria ARENA;Mariearenaps;Group of the Progressive Alliance of Socialists and Democrats in the European Parliament;Parti Socialiste;Belgium;143828745
Pascal ARIMONT;pascal_arimont;Group of the European People's Party (Christian Democrats);Christlich Soziale Partei;Belgium;3393988786
Bartosz ARŁUKOWICZ;Arlukowicz;Group of the European People's Party (Christian Democrats);Platforma Obywatelska;Poland;101561338
Clotilde ARMAND;clotilde_armand;Renew Europe Group;Uniunea Salvați România;Romania;708168822868418560
Anna-Michelle ASIMAKOPOULOU;AnnaAsimakopoul;Group of the European People's Party (Christian Democrats);Nea Demokratia;Greece;533041104
Manon AUBRY;ManonAubryFr;Confederal Group of the European United Left - Nordic Green Left;La France Insoumise;France;2850651695
Margrete AUKEN;MargreteAuken;Group of the Greens/European Free Alliance;Socialistisk Folkeparti;Denmark;37643162
Petras AUŠTREVIČIUS;petras_petras;Renew Europe Group;Lietuvos Respublikos liberalų sąjūdis;Lithuania;1314652063
Carmen AVRAM;carmenavram;Group of the Progressive Alliance of Socialists and Democrats in the European Parliament;Partidul Social Democrat;Romania;26862888
Malik AZMANI;MalikAzmani;Renew Europe Group;Volkspartij voor Vrijheid en Democratie;Netherlands;389687289
Simona BALDASSARRE;SR_Baldassarre;Identity and Democracy Group;Lega;Italy;1124948208457797632
Marek Paweł BALT;PoselBalt;Group of the Progressive Alliance of Socialists and Democrats in the European Parliament;Sojusz Lewicy Demokratycznej;Poland;1105362661
Jordan BARDELLA;J_Bardella;Identity and Democracy Group;Rassemblement national;France;1499400284
Katarina BARLEY;katarinabarley;Group of the Progressive Alliance of Socialists and Democrats in the European Parliament;Sozialdemokratische Partei Deutschlands;Germany;4097559143
Pietro BARTOLO;bartolopietro1;Group of the Progressive Alliance of Socialists and Democrats in the European Parliament;Partito Democratico;Italy;780024711510130689
Traian BĂSESCU;tbasescu;Group of the European People's Party (Christian Democrats);Partidul Mișcarea Populară;Romania;80913434
Alessandra BASSO;alebassoMEP;Identity and Democracy Group;Lega;Italy;1125036710222532608
José Ramón BAUZÁ DÍAZ;JRBauza;Renew Europe Group;Ciudadanos – Partido de la Ciudadanía;Spain;117705468
Nicolas BAY;NicolasBay_;Identity and Democracy Group;Rassemblement national;France;2443718293
Catherine BEARDER;catherinemep;Renew Europe Group;Liberal Democrats;United Kingdom;454779231
Nicola BEER;nicolabeerfdp;Renew Europe Group;Freie Demokratische Partei;Germany;828623998921629696
Tiziana BEGHIN;beghin_t;Non-attached Members;Movimento 5 Stelle;Italy;2343845391
Aurelia BEIGNEUX;AureliaBeigneux;Identity and Democracy Group;Rassemblement national;France;491560128
Marek BELKA;profMarekBelka;Group of the Progressive Alliance of Socialists and Democrats in the European Parliament;Sojusz Lewicy Demokratycznej;Poland;1107063220307746816
François-Xavier BELLAMY;fxbellamy;Group of the European People's Party (Christian Democrats);Les Républicains;France;261860968
Brando BENIFEI;brandobenifei;Group of the Progressive Alliance of Socialists and Democrats in the European Parliament;Partito Democratico;Italy;87306292
Isabel BENJUMEA BENJUMEA;IsabelBenjumea;Group of the European People's Party (Christian Democrats);Partido Popular;Spain;567222705
Phil BENNION;PhilBennion;Renew Europe Group;Liberal Democrats;United Kingdom;615011876
Monika BEŇOVÁ;MonikaFlaBenova;Group of the Progressive Alliance of Socialists and Democrats in the European Parliament;SMER-Sociálna demokracia;Slovakia;1361319566
Hildegard BENTELE;hildebentele;Group of the European People's Party (Christian Democrats);Christlich Demokratische Union Deutschlands;Germany;2429391577
Tom BERENDSEN;tbwberendsen;Group of the European People's Party (Christian Democrats);Christen Democratisch Appèl;Netherlands;276687941
Lars Patrick BERG;LarsPatrickBerg;Identity and Democracy Group;Alternative für Deutschland;Germany;968841871555465217
Stefan BERGER;DrStefanBerger;Group of the European People's Party (Christian Democrats);Christlich Demokratische Union Deutschlands;Germany;46128473
Erik BERGKVIST;erik_bergkvist;Group of the Progressive Alliance of Socialists and Democrats in the European Parliament;Arbetarepartiet- Socialdemokraterna;Sweden;720567963
Silvio BERLUSCONI;berlusconi;Group of the European People's Party (Christian Democrats);Forza Italia;Italy;920277002858500096
Robert BIEDROŃ;BiedronRobert;Group of the Progressive Alliance of Socialists and Democrats in the European Parliament;Wiosna;Poland;637192969
Adam BIELAN;AdamBielan;European Conservatives and Reformists Group;Prawo i Sprawiedliwość;Poland;40022142
Stéphane BIJOUX;StephaneBIJOUX;Renew Europe Group;La République en marche;France;1083411992
Izaskun BILBAO BARANDICA;IzaskunBilbaoB;Renew Europe Group;Partido Nacionalista Vasco;Spain;1870872692
Vladimír BILČÍK;VladoBilcik;Group of the European People's Party (Christian Democrats);SPOLU – občianska demokracia;Slovakia;3129707609
Dominique BILDE;DominiqueBilde;Identity and Democracy Group;Rassemblement national;France;3065992036
Gabriele BISCHOFF;gabischoff;Group of the Progressive Alliance of Socialists and Democrats in the European Parliament;Sozialdemokratische Partei Deutschlands;Germany;3541939462
Benoît BITEAU;Identi_Terre;Group of the Greens/European Free Alliance;Europe Écologie;France;601028185
Mara BIZZOTTO;marabizzotto;Identity and Democracy Group;Lega;Italy;890601120040615936
Malin BJÖRK;MalinBjork_EU;Confederal Group of the European United Left - Nordic Green Left;Vänsterpartiet;Sweden;2289930074
Vasile BLAGA;SenatulRomaniei;Group of the European People's Party (Christian Democrats);Partidul Naţional Liberal;Romania;760696944
Michael BLOSS;michabl;Group of the Greens/European Free Alliance;Bündnis 90/Die Grünen;Germany;20344328
Andrea BOCSKOR;AndreaBocskor;Group of the European People's Party (Christian Democrats);Fidesz-Magyar Polgári Szövetség-Kereszténydemokrata Néppárt;Hungary;871783295813660677
Damian BOESELAGER;d_boeselager;Group of the Greens/European Free Alliance;Volt;Germany;832097871893770240
Franc BOGOVIČ;Franc_Bogovic;Group of the European People's Party (Christian Democrats);Slovenska ljudska stranka;Slovenia;2803444640
Manuel BOMPARD;mbompard;Confederal Group of the European United Left - Nordic Green Left;La France Insoumise;France;250323361
Simona BONAFÈ;simonabonafe;Group of the Progressive Alliance of Socialists and Democrats in the European Parliament;Partito Democratico;Italy;391945446
Paolo BORCHIA;PaoloBorchia;Identity and Democracy Group;Lega;Italy;2585792659
Biljana BORZAN;BiljanaBorzan;Group of the Progressive Alliance of Socialists and Democrats in the European Parliament;Socijaldemokratska partija Hrvatske;Croatia;1560926802
Marc BOTENGA;BotengaM;Confederal Group of the European United Left - Nordic Green Left;Parti du Travail de Belgique;Belgium;1055950916
Vlad-Marius BOTOȘ;botos_vlad;Renew Europe Group;Uniunea Salvați România;Romania;1140322449038483464
Geert BOURGEOIS;GeertBourgeois;European Conservatives and Reformists Group;Nieuw-Vlaamse Alliantie;Belgium;994821734
Gilles BOYER;GillesBoyer;Renew Europe Group;Indépendant;France;102948151
Patrick BREYER;echo_pbreyer;Group of the Greens/European Free Alliance;Piratenpartei Deutschland;Germany;993792060548435968
Saskia BRICMONT;bricmontsaskia;Group of the Greens/European Free Alliance;Ecologistes Confédérés pour l'Organisation de Luttes Originales;Belgium;29032586
Jane BROPHY;JaneBrophyLD;Renew Europe Group;Liberal Democrats;United Kingdom;4099573113
Joachim Stanisław BRUDZIŃSKI;jbrudzinski;European Conservatives and Reformists Group;Prawo i Sprawiedliwość;Poland;114159548
Sylvie BRUNET;syl_brunet;Renew Europe Group;Liste Rennaisance;France;4909186157
Klaus BUCHNER;Dr_KlausBuchner;Group of the Greens/European Free Alliance;Ökologisch-Demokratische Partei;Germany;2257770468
Daniel BUDA;MEPDanielBuda;Group of the European People's Party (Christian Democrats);Partidul Naţional Liberal;Romania;3833423967
David BULL;drdavidbull;Non-attached Members;The Brexit Party;United Kingdom;22464893
Udo BULLMANN;UdoBullmann;Group of the Progressive Alliance of Socialists and Democrats in the European Parliament;Sozialdemokratische Partei Deutschlands;Germany;2461432297
Jonathan BULLOCK;JonathanMEP;Non-attached Members;The Brexit Party;United Kingdom;894914855467180037
Judith BUNTING;JudithBuntingLD;Renew Europe Group;Liberal Democrats;United Kingdom;566536507
Delara BURKHARDT;delarabur;Group of the Progressive Alliance of Socialists and Democrats in the European Parliament;Sozialdemokratische Partei Deutschlands;Germany;1133570430
Martin BUSCHMANN;BuschmannMartin;Confederal Group of the European United Left - Nordic Green Left;Partei Mensch Umwelt Tierschutz;Germany;1041644034849103872
Reinhard BÜTIKOFER;bueti;Group of the Greens/European Free Alliance;Bündnis 90/Die Grünen;Germany;20610385
Jorge BUXADÉ VILLALBA;Jorgebuxade;European Conservatives and Reformists Group;VOX;Spain;154110601
Jerzy BUZEK;JerzyBuzek;Group of the European People's Party (Christian Democrats);Koalicja Europejska;Poland;104782747
Carlo CALENDA;CarloCalenda;Group of the Progressive Alliance of Socialists and Democrats in the European Parliament;Partito Democratico;Italy;2416067982
Marco CAMPOMENOSI;MCampomenosi;Identity and Democracy Group;Lega;Italy;1118030533219508225
Jordi CAÑAS;jordi_canyas;Renew Europe Group;Ciudadanos – Partido de la Ciudadanía;Spain;173541298
Pascal CANFIN;pcanfin;Renew Europe Group;Liste Rennaisance;France;135430876
Damien CARÊME;DamienCAREME;Group of the Greens/European Free Alliance;Europe Écologie;France;115702103
Andrea CAROPPO;caroppo_andrea;Identity and Democracy Group;Lega;Italy;1117008833715556353
Matt CARTHY;mattcarthy;Confederal Group of the European United Left - Nordic Green Left;Sinn Féin;Ireland;26586771
Maria Da Graça CARVALHO;mgracacarvalho;Group of the European People's Party (Christian Democrats);Partido Social Democrata;Portugal;30360274
David CASA;DavidCasaMEP;Group of the European People's Party (Christian Democrats);Partit Nazzjonalista;Malta;2279351990
Daniel CASPARY;caspary;Group of the European People's Party (Christian Democrats);Christlich Demokratische Union Deutschlands;Germany;17780822
Fabio Massimo CASTALDO;FMCastaldo;Non-attached Members;Movimento 5 Stelle;Italy;1368850908
Pilar del CASTILLO VERA;delcastillop;Group of the European People's Party (Christian Democrats);Partido Popular;Spain;52009223
Anna CAVAZZINI;anna_cavazzini;Group of the Greens/European Free Alliance;Bündnis 90/Die Grünen;Germany;833300465039319040
Susanna CECCARDI;SusannaCeccardi;Identity and Democracy Group;Lega;Italy;406110645
Sara CERDAS;sara_saracerdas;Group of the Progressive Alliance of Socialists and Democrats in the European Parliament;Partido Socialista;Portugal;625048553
Catherine CHABAUD;CathChabaud;Renew Europe Group;Liste Rennaisance;France;2292781046
Mohammed CHAHIM;MChahim;Group of the Progressive Alliance of Socialists and Democrats in the European Parliament;Partij van de Arbeid;Netherlands;91821215
Leila CHAIBI;leilachaibi;Confederal Group of the European United Left - Nordic Green Left;La France Insoumise;France;232353334
Dita CHARANZOVÁ;charanzova;Renew Europe Group;ANO 2011;Czechia;2656533409
Olivier CHASTEL;OChastel;Renew Europe Group;Mouvement Réformateur;Belgium;138689410
Caterina CHINNICI;CaterinaChinnic;Group of the Progressive Alliance of Socialists and Democrats in the European Parliament;Partito Democratico;Italy;2262477443
Ellie CHOWNS;EllieChownsMEP;Group of the Greens/European Free Alliance;Green Party;United Kingdom;493494710
Asger CHRISTENSEN;AsgerChristens2;Renew Europe Group;Venstre, Danmarks Liberale Parti;Denmark;1089972461008023553
Lefteris CHRISTOFOROU;LefChristoforou;Group of the European People's Party (Christian Democrats);Democratic Rally;Cyprus;4022826012
Angelo CIOCCA;AngeloCiocca;Identity and Democracy Group;Lega;Italy;493153944
Dacian CIOLOS;CiolosDacian;Renew Europe Group;Partidul Libertate, Unitate și Solidaritate;Romania;4171877789
Nathalie COLIN-OESTERLÉ;ncolin_oesterle;Group of the European People's Party (Christian Democrats);Les centristes;France;326931834
Gilbert COLLARD;GilbertCollard;Identity and Democracy Group;Rassemblement national;France;471163803
Richard CORBETT;RCorbettMEP;Group of the Progressive Alliance of Socialists and Democrats in the European Parliament;Labour Party;United Kingdom;1347250338
David CORMAND;DavidCormand;Group of the Greens/European Free Alliance;Europe Écologie;France;525436041
Ignazio CORRAO;ignaziocorrao;Non-attached Members;Movimento 5 Stelle;Italy;143393223
Andrea COZZOLINO;cozzolino62;Group of the Progressive Alliance of Socialists and Democrats in the European Parliament;Partito Democratico;Italy;467604110
Corina CREȚU;CorinaCretuEU;Group of the Progressive Alliance of Socialists and Democrats in the European Parliament;PRO Romania;Romania;1586266080
Katalin CSEH;katka_cseh;Renew Europe Group;Momentum;Hungary;3001691374
Ciarán CUFFE;CiaranCuffe;Group of the Greens/European Free Alliance;Green Party;Ireland;16627544
Josianne CUTAJAR;josiannecutajar;Group of the Progressive Alliance of Socialists and Democrats in the European Parliament;Partit Laburista;Malta;1023896861470547968
Ryszard CZARNECKI;r_czarnecki;European Conservatives and Reformists Group;Prawo i Sprawiedliwość;Poland;77188782
Peter van DALEN;petervdalen;Group of the European People's Party (Christian Democrats);ChristenUnie;Netherlands;198432070
Miriam DALLI;Miriamdalli;Group of the Progressive Alliance of Socialists and Democrats in the European Parliament;Partit Laburista;Malta;55207471
Clare DALY;ClareDalyMEP;Confederal Group of the European United Left - Nordic Green Left;Independent;Ireland;385326089
Rosa D'AMATO;rosadamato634;Non-attached Members;Movimento 5 Stelle;Italy;2680186468
Seb DANCE;SebDance;Group of the Progressive Alliance of Socialists and Democrats in the European Parliament;Labour Party;United Kingdom;45360352
Johan DANIELSSON;johandanielsson;Group of the Progressive Alliance of Socialists and Democrats in the European Parliament;Arbetarepartiet- Socialdemokraterna;Sweden;18765850
Arnaud DANJEAN;ArnaudDanjean;Group of the European People's Party (Christian Democrats);Les Républicains;France;439463212
Gianantonio DA RE;GianantonioDaRe;Identity and Democracy Group;Lega;Italy;953626315617337344
Martin Edward DAUBNEY;MartinDaubney;Non-attached Members;The Brexit Party;United Kingdom;568143078
Ivan DAVID;MudrIvanDavid;Identity and Democracy Group;Svoboda a přímá demokracie;Czechia;1108425444146233345
Chris DAVIES;ChrisDaviesEU;Renew Europe Group;Liberal Democrats;United Kingdom;95631693
Paolo DE CASTRO;paolodecastro;Group of the Progressive Alliance of Socialists and Democrats in the European Parliament;Partito Democratico;Italy;9234892
Jérémy DECERLE;JDecerle;Renew Europe Group;Liste Rennaisance;France;2163600808
Gwendoline DELBOS-CORFIELD;GDelbosCorfield;Group of the Greens/European Free Alliance;Europe Écologie;France;1133457388038688768
Andor DELI;AndorDeli;Group of the European People's Party (Christian Democrats);Fidesz-Magyar Polgári Szövetség-Kereszténydemokrata Néppárt;Hungary;4782996689
Karima DELLI;KarimaDelli;Group of the Greens/European Free Alliance;Europe Écologie;France;92233525
Belinda DE LUCY;BelindadeLucy;Non-attached Members;The Brexit Party;United Kingdom;1124345151642587136
Özlem DEMIREL;OezlemADemirel;Confederal Group of the European United Left - Nordic Green Left;DIE LINKE.;Germany;406893885
Anna DEPARNAY-GRUNENBERG;candidate_verte;Group of the Greens/European Free Alliance;Bündnis 90/Die Grünen;Germany;825815009041203201
Petra DE SUTTER;pdsutter;Group of the Greens/European Free Alliance;Groen;Belgium;329815445
Tamás DEUTSCH;dajcstomi;Group of the European People's Party (Christian Democrats);Fidesz-Magyar Polgári Szövetség-Kereszténydemokrata Néppárt;Hungary;262298210
Dinesh DHAMIJA;dinesh_dhamija;Renew Europe Group;Liberal Democrats;United Kingdom;234695455
Geoffroy DIDIER;GeoffroyDidier;Group of the European People's Party (Christian Democrats);Les Républicains;France;463907386
Martina DLABAJOVÁ;Mdlabajova;Renew Europe Group;ANO 2011;Czechia;43505930
Diane DODDS;DianeDoddsMEP;Non-attached Members;Democratic Unionist Party;United Kingdom;322529131
Christian Konrad DOLESCHAL;Doleschal;Group of the European People's Party (Christian Democrats);Christlich-Soziale Union in Bayern e.V.;Germany;17782837
Anna Julia DONÁTH;donath_anna;Renew Europe Group;Momentum;Hungary;1098198745810984960
Francesca DONATO;ladyonorato;Identity and Democracy Group;Lega;Italy;849274159
Herbert DORFMANN;HerbertDorfmann;Group of the European People's Party (Christian Democrats);Südtiroler Volkspartei;Italy;479390782
Gina DOWDING;GinaDowdingMEP;Group of the Greens/European Free Alliance;Green Party;United Kingdom;103819197
Marco DREOSTO;MarcoDreosto;Identity and Democracy Group;Lega;Italy;490522414
Jarosław DUDA;JaroslawDuda;Group of the European People's Party (Christian Democrats);Platforma Obywatelska;Poland;358014007
Pascal DURAND;PDurandOfficiel;Renew Europe Group;Liste Rennaisance;France;404894090
Lucia ĎURIŠ NICHOLSONOVÁ;LNicholsonova;European Conservatives and Reformists Group;Sloboda a Solidarita;Slovakia;809481991242584064
Angel DZHAMBAZKI;djambazki;European Conservatives and Reformists Group;VMRO;Bulgaria;594798146
Karoline EDTSTADLER;k_edtstadler;Group of the European People's Party (Christian Democrats);Österreichische Volkspartei;Austria;948147368918208512
Bas EICKHOUT;BasEickhout;Group of the Greens/European Free Alliance;GroenLinks;Netherlands;19763668
Andrew ENGLAND KERR;englandkerrmep;Non-attached Members;The Brexit Party;United Kingdom;1132968185727246336
Derk Jan EPPINK;djeppink;European Conservatives and Reformists Group;Forum voor Democratie;Netherlands;191409618
Cornelia ERNST;ErnstCornelia;Confederal Group of the European United Left - Nordic Green Left;DIE LINKE.;Germany;1225229076
Engin EROGLU;EnginEroglu_FW;Renew Europe Group;Freie Wähler;Germany;940691491835564033
Ismail ERTUG;IsmailErtug;Group of the Progressive Alliance of Socialists and Democrats in the European Parliament;Sozialdemokratische Partei Deutschlands;Germany;578240398
Jill EVANS;JillEvansMEP;Group of the Greens/European Free Alliance;Plaid Cymru - Party of Wales;United Kingdom;93709885
Eleonora EVI;EleonoraEvi;Non-attached Members;Movimento 5 Stelle;Italy;1135141640
Agnès EVREN;AgnesEvren;Group of the European People's Party (Christian Democrats);Les Républicains;France;528558611
Tanja FAJON;tfajon;Group of the Progressive Alliance of Socialists and Democrats in the European Parliament;Socialni demokrati;Slovenia;102918775
Nigel FARAGE;Nigel_Farage;Non-attached Members;The Brexit Party;United Kingdom;19017675
Laurence FARRENG;laurencefarreng;Renew Europe Group;Mouvement Démocrate;France;298525921
Fredrick FEDERLEY;federley;Renew Europe Group;Centerpartiet;Sweden;18901336
Markus FERBER;MarkusFerber;Group of the European People's Party (Christian Democrats);Christlich-Soziale Union in Bayern e.V.;Germany;1949513514
José Manuel FERNANDES;JMFernandesEU;Group of the European People's Party (Christian Democrats);Partido Social Democrata;Portugal;2785158383
Jonás FERNÁNDEZ;jonasfernandez;Group of the Progressive Alliance of Socialists and Democrats in the European Parliament;Partido Socialista Obrero Español;Spain;15061445
Giuseppe FERRANDINO;giosiferrandino;Group of the Progressive Alliance of Socialists and Democrats in the European Parliament;Partito Democratico;Italy;402097529
Laura FERRARA;LFerraraM5S;Non-attached Members;Movimento 5 Stelle;Italy;2424047370
João FERREIRA;joao_ferreira33;Confederal Group of the European United Left - Nordic Green Left;Partido Comunista Português;Portugal;951055588330475520
Nicolaus FEST;Nicolaus_Fest;Identity and Democracy Group;Alternative für Deutschland;Germany;773419555729379329
Carlo FIDANZA;FidanzaCarlo;European Conservatives and Reformists Group;Fratelli d'Italia;Italy;76596562
Pietro FIOCCHI;FiocchiPietro;European Conservatives and Reformists Group;Fratelli d'Italia;Italy;1105850644966137856
Raffaele FITTO;RaffaeleFitto;European Conservatives and Reformists Group;Fratelli d'Italia;Italy;702661167
Frances FITZGERALD;FitzgeraldFrncs;Group of the European People's Party (Christian Democrats);Fine Gael Party;Ireland;111338251
Luke Ming FLANAGAN;lukeming;Confederal Group of the European United Left - Nordic Green Left;Independent;Ireland;54172831
Valter FLEGO;ValterFlego;Renew Europe Group;Istarski demokratski sabor - Dieta democratica istriana;Croatia;1021696411
Lance FORMAN;LanceForman;Non-attached Members;The Brexit Party;United Kingdom;757537572
Anna FOTYGA;AnnaFotyga_PE;European Conservatives and Reformists Group;Prawo i Sprawiedliwość;Poland;1121707380591538176
Loucas FOURLAS;loucas_fourlas;Group of the European People's Party (Christian Democrats);Democratic Rally;Cyprus;2986671080
Claire FOX;Fox_Claire;Non-attached Members;The Brexit Party;United Kingdom;278656915
Tomasz FRANKOWSKI;TFrankowski21;Group of the European People's Party (Christian Democrats);Platforma Obywatelska;Poland;1109154121171517441
Cindy FRANSSEN;FranssenCindy;Group of the European People's Party (Christian Democrats);Christen-Democratisch & Vlaams;Belgium;311025549
Romeo FRANZ;RomeoFranz1;Group of the Greens/European Free Alliance;Bündnis 90/Die Grünen;Germany;850600969184436224
Daniel FREUND;daniel_freund;Group of the Greens/European Free Alliance;Bündnis 90/Die Grünen;Germany;306868006
Niels FUGLSANG;NielsFuglsang;Group of the Progressive Alliance of Socialists and Democrats in the European Parliament;Socialdemokratiet;Denmark;323111954
Mario FURORE;MarioFurore;Non-attached Members;Movimento 5 Stelle;Italy;106548241
Søren Gade GADE;SoerenGade;Renew Europe Group;Venstre, Danmarks Liberale Parti;Denmark;975064362359623680
Michael GAHLER;michaelgahler;Group of the European People's Party (Christian Democrats);Christlich Demokratische Union Deutschlands;Germany;102642856
Kinga GÁL;1D5Kinga;Group of the European People's Party (Christian Democrats);Fidesz-Magyar Polgári Szövetség-Kereszténydemokrata Néppárt;Hungary;782949708
Lina GALVEZ MUÑOZ;linagalvezmunoz;Group of the Progressive Alliance of Socialists and Democrats in the European Parliament;Partido Socialista Obrero Español;Spain;337259737
Claudia GAMON;dieGamon;Renew Europe Group;NEOS – Das Neue Österreich;Austria;37776042
Gianna GANCIA;giannagancia;Identity and Democracy Group;Lega;Italy;492977249
Ibán GARCIA DEL BLANCO;Ibangarciadb;Group of the Progressive Alliance of Socialists and Democrats in the European Parliament;Partido Socialista Obrero Español;Spain;222269705
José Manuel GARCÍA-MARGALLO Y MARFIL;MargalloJm;Group of the European People's Party (Christian Democrats);Partido Popular;Spain;862981072417677314
Iratxe GARCÍA PÉREZ;IratxeGarper;Group of the Progressive Alliance of Socialists and Democrats in the European Parliament;Partido Socialista Obrero Español;Spain;900231078
Eider GARDIAZABAL RUBIAL;EGardiazabal;Group of the Progressive Alliance of Socialists and Democrats in the European Parliament;Partido Socialista Obrero Español;Spain;582076945
Luis GARICANO;lugaricano;Renew Europe Group;Ciudadanos – Partido de la Ciudadanía;Spain;117773253
Jean-Paul GARRAUD;JPGarraud;Identity and Democracy Group;Rassemblement national;France;92795265
Alexandra GEESE;alexandra_geese;Group of the Greens/European Free Alliance;Bündnis 90/Die Grünen;Germany;1019949632108064768
Jens GEIER;EuropaJens;Group of the Progressive Alliance of Socialists and Democrats in the European Parliament;Sozialdemokratische Partei Deutschlands;Germany;36347303
Chiara GEMMA;chgemma68;Non-attached Members;Movimento 5 Stelle;Italy;1118800711289122818
Cristian GHINEA;GhineaMEP;Renew Europe Group;USR-PLUS;Romania;1139525086233452544
Dino GIARRUSSO;DinoGiarrusso;Non-attached Members;Movimento 5 Stelle;Italy;114332714
Barbara Ann GIBSON;Barb_G;Renew Europe Group;Liberal Democrats;United Kingdom;1998841
Sven GIEGOLD;sven_giegold;Group of the Greens/European Free Alliance;Bündnis 90/Die Grünen;Germany;16705726
Neena GILL;NeenaGmep;Group of the Progressive Alliance of Socialists and Democrats in the European Parliament;Labour Party;United Kingdom;1374683634
Nathan GILL;NathanGillMEP;Non-attached Members;The Brexit Party;United Kingdom;1668992125
Andreas GLÜCK;Andi_Glueck;Renew Europe Group;Freie Demokratische Partei;Germany;1145986626503479296
Raphaël GLUCKSMANN;rglucks1;Group of the Progressive Alliance of Socialists and Democrats in the European Parliament;Place publique;France;2967623435
Charles GOERENS;CharlesGoerens;Renew Europe Group;Parti démocratique;Luxembourg;606349480
Mónica Silvana GONZÁLEZ;MonicaSilvanaG;Group of the Progressive Alliance of Socialists and Democrats in the European Parliament;Partido Socialista Obrero Español;Spain;290206732
Nicolás GONZALEZ CASARES;nicogoncas;Group of the Progressive Alliance of Socialists and Democrats in the European Parliament;Partido Socialista Obrero Español;Spain;10622932
Esteban GONZÁLEZ PONS;gonzalezpons;Group of the European People's Party (Christian Democrats);Partido Popular;Spain;106231214
Valentino GRANT;ValentinoGrant4;Identity and Democracy Group;Lega;Italy;868890764440461312
Maria GRAPINI;MariaGrapini;Group of the Progressive Alliance of Socialists and Democrats in the European Parliament;Partidul Social Democrat;Romania;4706135422
Markéta GREGOROVÁ;MarketkaG;Group of the Greens/European Free Alliance;PIRÁTI;Czechia;83926605
Theresa GRIFFIN;TheresaMEP;Group of the Progressive Alliance of Socialists and Democrats in the European Parliament;Labour Party;United Kingdom;829060856
Catherine GRISET;GrisetCatherine;Identity and Democracy Group;Rassemblement national;France;1090919392840503296
Klemen GROŠELJ;KGroselj;Renew Europe Group;Lista Marjana Šarca;Slovenia;2373445755
Christophe GRUDLER;GrudlerCh;Renew Europe Group;Mouvement Démocrate;France;457528606
Elisabetta GUALMINI;gualminielisa;Group of the Progressive Alliance of Socialists and Democrats in the European Parliament;Partito Democratico;Italy;372352619
Roberto GUALTIERI;gualtierieurope;Group of the Progressive Alliance of Socialists and Democrats in the European Parliament;Partito Democratico;Italy;103152299
Sylvie GUILLAUME;sylvieguillaume;Group of the Progressive Alliance of Socialists and Democrats in the European Parliament;Parti socialiste;France;167328296
José GUSMÃO;joseggusmao;Confederal Group of the European United Left - Nordic Green Left;Bloco de Esquerda;Portugal;268208070
Jytte GUTELAND;JytteGuteland;Group of the Progressive Alliance of Socialists and Democrats in the European Parliament;Arbetarepartiet- Socialdemokraterna;Sweden;24181511
Márton GYÖNGYÖSI;GyongyosiMarton;Non-attached Members;Jobbik Magyarországért Mozgalom;Hungary;1063031341846093824
Ben HABIB;benhabib6;Non-attached Members;The Brexit Party;United Kingdom;2790295109
Svenja HAHN;svenja_hahn;Renew Europe Group;Freie Demokratische Partei;Germany;1124773536
Henrike Nanna Gisela HAHN;henrikehahn;Group of the Greens/European Free Alliance;Bündnis 90/Die Grünen;Germany;1601699341
Robert HAJŠEL;RobertHajsel;Group of the Progressive Alliance of Socialists and Democrats in the European Parliament;SMER-Sociálna demokracia;Slovakia;1136943210763300864
Andrzej HALICKI;AndrzejHalicki;Group of the European People's Party (Christian Democrats);Platforma Obywatelska;Poland;993849096
Daniel HANNAN;DanielJHannan;European Conservatives and Reformists Group;Conservative Party;United Kingdom;85794542
Christophe HANSEN;CHansenEU;Group of the European People's Party (Christian Democrats);Parti chrétien social luxembourgeois;Luxembourg;2408020351
Lucy Elizabeth HARRIS;Lugey6;Non-attached Members;The Brexit Party;United Kingdom;58459981
Martin HÄUSLING;MartinHaeusling;Group of the Greens/European Free Alliance;Bündnis 90/Die Grünen;Germany;82912952
Heidi HAUTALA;HeidiHautala;Group of the Greens/European Free Alliance;Vihreä liitto;Finland;92337227
Valerie HAYER;ValerieHayer;Renew Europe Group;La République en marche;France;3318542685
Anja HAZEKAMP;anjahazekamp;Confederal Group of the European United Left - Nordic Green Left;Partij voor de Dieren;Netherlands;146088853
Michael HEAVER;Michael_Heaver;Non-attached Members;The Brexit Party;United Kingdom;22800916
Hannes HEIDE;HannesHeide;Group of the Progressive Alliance of Socialists and Democrats in the European Parliament;Sozialdemokratische Partei Österreichs;Austria;1019231126181826561
Eero HEINÄLUOMA;EeroHeinaluoma;Group of the Progressive Alliance of Socialists and Democrats in the European Parliament;Suomen Sosialidemokraattinen Puolue/Finlands Socialdemokratiska Parti;Finland;238520837
Krzysztof HETMAN;Hetman_K;Group of the European People's Party (Christian Democrats);Polskie Stronnictwo Ludowe;Poland;747764682459582465
Monika HOHLMEIER;MHohlmeier;Group of the European People's Party (Christian Democrats);Christlich-Soziale Union in Bayern e.V.;Germany;2904048473
Martin HOJSÍK;mhojsik;Renew Europe Group;Progresívne Slovensko;Slovakia;54799415
Pär HOLMGREN;ParHolmgren;Group of the Greens/European Free Alliance;Miljöpartiet de gröna;Sweden;95989483
György HÖLVÉNYI;HolvenyiGyorgy;Group of the European People's Party (Christian Democrats);Kereszténydemokrata Néppárt;Hungary;842047050577502209
Alicia HOMS GINEL;aliciahoms;Group of the Progressive Alliance of Socialists and Democrats in the European Parliament;Partido Socialista Obrero Español;Spain;3019838428
Antony HOOK;favershamfocus;Renew Europe Group;Liberal Democrats;United Kingdom;765136710263070720
Brice HORTEFEUX;BriceHortefeux;Group of the European People's Party (Christian Democrats);Les Républicains;France;2445174992
Martin HORWOOD;MartinChelt;Renew Europe Group;Liberal Democrats;United Kingdom;55059675
John HOWARTH;JohnHowarth1958;Group of the Progressive Alliance of Socialists and Democrats in the European Parliament;Labour Party;United Kingdom;27688865
Danuta Maria HÜBNER;danutahuebner;Group of the European People's Party (Christian Democrats);Platforma Obywatelska;Poland;1934463319
Laura HUHTASAARI;LauraHuhtasaari;Identity and Democracy Group;Perussuomalaiset;Finland;1606473660
Jan HUITEMA;jhuitema;Renew Europe Group;Volkspartij voor Vrijheid en Democratie;Netherlands;145297666
Ivars IJABS;ijabs;Renew Europe Group;Attīstībai/Par!;Latvia;28397950
Evin INCIR;EvinIncir;Group of the Progressive Alliance of Socialists and Democrats in the European Parliament;Arbetarepartiet- Socialdemokraterna;Sweden;1113577805256773632
Sophia in 't VELD;SophieintVeld;Renew Europe Group;Democraten 66;Netherlands;19231330
Yannick JADOT;yjadot;Group of the Greens/European Free Alliance;Europe Écologie;France;117761523
Peter JAHR;peter_jahr;Group of the European People's Party (Christian Democrats);Christlich Demokratische Union Deutschlands;Germany;3119157183
Patryk JAKI;PatrykJaki;European Conservatives and Reformists Group;Solidarna Polska Zbigniewa Ziobro;Poland;101576198
France JAMET;MA_Jamet;Identity and Democracy Group;Rassemblement national;France;618892357
Lívia JÁRÓKA;JarokaLivia;Group of the European People's Party (Christian Democrats);Fidesz-Magyar Polgári Szövetség-Kereszténydemokrata Néppárt;Hungary;934152935340158976
Adam JARUBAS;JarubasAdam;Group of the European People's Party (Christian Democrats);Polskie Stronnictwo Ludowe;Poland;325592746
Jackie JONES;JackieJonesWal1;Group of the Progressive Alliance of Socialists and Democrats in the European Parliament;Labour Party;United Kingdom;1118982945006587907
Agnes JONGERIUS;a_jongerius;Group of the Progressive Alliance of Socialists and Democrats in the European Parliament;Partij van de Arbeid;Netherlands;2351820624
Virginie JORON;v_joron;Identity and Democracy Group;Rassemblement national;France;2991912647
Irena JOVEVA;IJoveva;Renew Europe Group;Lista Marjana Šarca;Slovenia;377486485
Rasa JUKNEVIČIENĖ;RJukneviciene;Group of the European People's Party (Christian Democrats);Tėvynės sąjunga-Lietuvos krikščionys demokratai;Lithuania;818964552
Krzysztof JURGIEL;ministerjurgiel;European Conservatives and Reformists Group;Prawo i Sprawiedliwość;Poland;981468706302758912
Eugen JURZYCA;EugenJurzyca;European Conservatives and Reformists Group;Sloboda a Solidarita;Slovakia;471836699
Herve JUVIN;HerveJuvin;Identity and Democracy Group;Rassemblement national;France;1074580083594199040
Eva KAILI;EvaKaili;Group of the Progressive Alliance of Socialists and Democrats in the European Parliament;Panhellenic Socialist Movement - Olive Tree;Greece;33248043
Marina KALJURAND;MarinaKaljurand;Group of the Progressive Alliance of Socialists and Democrats in the European Parliament;Sotsiaaldemokraatlik Erakond;Estonia;601514135
Sandra KALNIETE;Kalniete;Group of the European People's Party (Christian Democrats);"Partija ""VIENOTĪBA""";Latvia;25509816
Radan KANEV;rmkanev;Group of the European People's Party (Christian Democrats);Democrats for Strong Bulgaria;Bulgaria;43869722
Assita KANKO;Assita_Kanko;European Conservatives and Reformists Group;Nieuw-Vlaamse Alliantie;Belgium;52361939
Othmar KARAS;othmar_karas;Group of the European People's Party (Christian Democrats);Österreichische Volkspartei;Austria;120109196
Pierre KARLESKIND;Pierre_Ka;Renew Europe Group;La République en marche;France;306778929
Karin KARLSBRO;KarinKarlsbro;Renew Europe Group;Liberalerna;Sweden;571148013
Karol KARSKI;profKarski;European Conservatives and Reformists Group;Prawo i Sprawiedliwość;Poland;2455611960
Elsi KATAINEN;ElsiKatainen;Renew Europe Group;Suomen Keskusta;Finland;3017471855
Manolis KEFALOGIANNIS;M_Kefalogiannis;Group of the European People's Party (Christian Democrats);Nea Demokratia;Greece;2441261875
Billy KELLEHER;BillyKelleherEU;Renew Europe Group;Fianna Fáil Party;Ireland;524423189
Fabienne KELLER;fabienne_keller;Renew Europe Group;Agir - La Droite constructive;France;83120914
Ska KELLER;SkaKeller;Group of the Greens/European Free Alliance;Bündnis 90/Die Grünen;Germany;16600393
Seán KELLY;SeanKellyMEP;Group of the European People's Party (Christian Democrats);Fine Gael Party;Ireland;21440665
Beata KEMPA;BeataKempa_KPRM;European Conservatives and Reformists Group;Solidarna Polska Zbigniewa Ziobro;Poland;4172002246
Jude KIRTON-DARLING;Jude_KD;Group of the Progressive Alliance of Socialists and Democrats in the European Parliament;Labour Party;United Kingdom;28640933
Niyazi KIZILYÜREK;NKizilyurek;Confederal Group of the European United Left - Nordic Green Left;Progressive Party of Working People - Left - New Forces;Cyprus;3362323781
Izabela-Helena KLOC;IzabelaKloc;European Conservatives and Reformists Group;Prawo i Sprawiedliwość;Poland;2462922450
Jeppe KOFOD;JeppeKofod;Group of the Progressive Alliance of Socialists and Democrats in the European Parliament;Socialdemokratiet;Denmark;24909190
Peter KOFOD;KofodPeter;Identity and Democracy Group;Dansk Folkeparti;Denmark;1613378210
Łukasz KOHUT;LukaszKohut;Group of the Progressive Alliance of Socialists and Democrats in the European Parliament;Wiosna;Poland;426773410
Arba KOKALARI;ArbaKokalari;Group of the European People's Party (Christian Democrats);Moderaterna;Sweden;285082743
Petros KOKKALIS;PetrosKokkalis;Confederal Group of the European United Left - Nordic Green Left;Coalition of the Radical Left;Greece;123834148
Marcel KOLAJA;PiratKolaja;Group of the Greens/European Free Alliance;PIRÁTI;Czechia;1086646510723444737
Ewa KOPACZ;EwaKopacz;Group of the European People's Party (Christian Democrats);Platforma Obywatelska;Poland;110963318
Moritz KÖRNER;moritzkoerner;Renew Europe Group;Freie Demokratische Partei;Germany;21794101
Ádám KÓSA;adamkosamep;Group of the European People's Party (Christian Democrats);Fidesz-Magyar Polgári Szövetség-Kereszténydemokrata Néppárt;Hungary;85184055
Stelios KOULOGLOU;SteliosKoul;Confederal Group of the European United Left - Nordic Green Left;Coalition of the Radical Left;Greece;136333369
Elena KOUNTOURA;ElenaKountoura;Confederal Group of the European United Left - Nordic Green Left;Coalition of the Radical Left;Greece;424164598
Andrey KOVATCHEV;andreykovatchev;Group of the European People's Party (Christian Democrats);Citizens for European Development of Bulgaria;Bulgaria;189082017
Maximilian KRAH;KrahMax;Identity and Democracy Group;Alternative für Deutschland;Germany;1162901370
Zdzisław KRASNODĘBSKI;ZdzKrasnodebski;European Conservatives and Reformists Group;Prawo i Sprawiedliwość;Poland;539156512
Constanze KREHL;ConstanzeKrehl;Group of the Progressive Alliance of Socialists and Democrats in the European Parliament;Sozialdemokratische Partei Deutschlands;Germany;2373681362
Andrius KUBILIUS;AndriusKubilius;Group of the European People's Party (Christian Democrats);Tėvynės sąjunga-Lietuvos krikščionys demokratai;Lithuania;358046297
Joachim KUHS;Joachim_Kuhs;Identity and Democracy Group;Alternative für Deutschland;Germany;968551492390129666
Miapetra KUMPULA-NATRI;miapetrakumpula;Group of the Progressive Alliance of Socialists and Democrats in the European Parliament;Suomen Sosialidemokraattinen Puolue/Finlands Socialdemokratiska Parti;Finland;195681218
Zbigniew KUŹMIUK;ZbigniewKuzmiuk;European Conservatives and Reformists Group;Prawo i Sprawiedliwość;Poland;357514379
Stelios KYMPOUROPOULOS;Kympouropoulos;Group of the European People's Party (Christian Democrats);Nea Demokratia;Greece;585477047
Georgios KYRTSOS;GiorgosKyrtsos;Group of the European People's Party (Christian Democrats);Nea Demokratia;Greece;311951299
Ilhan KYUCHYUK;ilhankyuchyuk;Renew Europe Group;Movement for Rights and Freedoms;Bulgaria;2425184299
Sergey LAGODINSKY;SLagodinsky;Group of the Greens/European Free Alliance;Bündnis 90/Die Grünen;Germany;436470131
Aurore LALUCQ;AuroreLalucq;Group of the Progressive Alliance of Socialists and Democrats in the European Parliament;Place publique;France;938522598585131008
Philippe LAMBERTS;ph_lamberts;Group of the Greens/European Free Alliance;Ecologistes Confédérés pour l'Organisation de Luttes Originales;Belgium;165786404
Oscar LANCINI;DOscarLancini;Identity and Democracy Group;Lega;Italy;714899456
Bernd LANGE;berndlange;Group of the Progressive Alliance of Socialists and Democrats in the European Parliament;Sozialdemokratische Partei Deutschlands;Germany;17576181
Esther de LANGE;Esther_de_Lange;Group of the European People's Party (Christian Democrats);Christen Democratisch Appèl;Netherlands;28773799
Hélène LAPORTE;HeleneLaporteRN;Identity and Democracy Group;Rassemblement national;France;789179329854869507
Pierre LARROUTUROU;larrouturou;Group of the Progressive Alliance of Socialists and Democrats in the European Parliament;Nouvelle Donne;France;18578222
Gilles LEBRETON;Gilles_Lebreton;Identity and Democracy Group;Rassemblement national;France;2463325740
Julie LECHANTEUX;JLechanteux;Identity and Democracy Group;Rassemblement national;France;2909481429
David LEGA;DavidLega;Group of the European People's Party (Christian Democrats);Kristdemokraterna;Sweden;17006679
Maria Manuel LEITÃO MARQUES;MariaManuelLM;Group of the Progressive Alliance of Socialists and Democrats in the European Parliament;Partido Socialista;Portugal;368570542
Jeroen LENAERS;jeroen_lenaers;Group of the European People's Party (Christian Democrats);Christen Democratisch Appèl;Netherlands;399991392
Janusz LEWANDOWSKI;J_Lewandowski;Group of the European People's Party (Christian Democrats);Independent;Poland;146101077
Bogusław LIBERADZKI;BLiberadzki;Group of the Progressive Alliance of Socialists and Democrats in the European Parliament;Independent;Poland;714000438
Peter LIESE;peterliese;Group of the European People's Party (Christian Democrats);Christlich Demokratische Union Deutschlands;Germany;42590805
Sylvia LIMMER;Dr_SylviaLimmer;Identity and Democracy Group;Alternative für Deutschland;Germany;3325406044
Elena LIZZI;elenalizzi;Identity and Democracy Group;Lega;Italy;1125768066
Nathalie LOISEAU;NathalieLoiseau;Renew Europe Group;La République en marche;France;21694393
Morten LØKKEGAARD;Loekkegaard_MEP;Renew Europe Group;Venstre, Danmarks Liberale Parti;Denmark;88184493
Naomi LONG;naomi_long;Renew Europe Group;Alliance Party of Northern Ireland;United Kingdom;97452095
John LONGWORTH;john4brexit;Non-attached Members;The Brexit Party;United Kingdom;714854344454238208
Javi LÓPEZ;fjavilopez;Group of the Progressive Alliance of Socialists and Democrats in the European Parliament;Partit dels Socialistes de Catalunya;Spain;153388751
Juan Fernando LÓPEZ AGUILAR;JFLopezAguilar;Group of the Progressive Alliance of Socialists and Democrats in the European Parliament;Partido Socialista Obrero Español;Spain;449951300
Leopoldo LÓPEZ GIL;LeopoldoLopezG;Group of the European People's Party (Christian Democrats);Partido Popular;Spain;966589602
Antonio LÓPEZ-ISTÚRIZ WHITE;TonoEPP;Group of the European People's Party (Christian Democrats);Partido Popular;Spain;119434647
Rupert LOWE;RupertLowe10;Non-attached Members;The Brexit Party;United Kingdom;1121375429884039175
César LUENA;cesarluena;Group of the Progressive Alliance of Socialists and Democrats in the European Parliament;Partido Socialista Obrero Español;Spain;163029352
Elżbieta Katarzyna ŁUKACIJEWSKA;elukacijewska;Group of the European People's Party (Christian Democrats);Platforma Obywatelska;Poland;3302560545
Benoît LUTGEN;BenoitLutgen;Group of the European People's Party (Christian Democrats);Centre Démocrate Humaniste;Belgium;825427526344441857
David McALLISTER;davidmcallister;Group of the European People's Party (Christian Democrats);Christlich Demokratische Union Deutschlands;Germany;17621447
Mairead McGUINNESS;MaireadMcGMEP;Group of the European People's Party (Christian Democrats);Fine Gael Party;Ireland;166102184
Anthea McINTYRE;anthea_mcintyre;European Conservatives and Reformists Group;Conservative Party;United Kingdom;1536804174
Aileen McLEOD;AileenMcLeodSNP;Group of the Greens/European Free Alliance;Scottish National Party;United Kingdom;1114920226393612288
Jaak MADISON;JaakMadison;Identity and Democracy Group;Eesti Konservatiivne Rahvaerakond;Estonia;2311916178
Cristina MAESTRE MARTÍN DE ALMAGRO;crismaestre;Group of the Progressive Alliance of Socialists and Democrats in the European Parliament;Partido Socialista Obrero Español;Spain;110695283
Magid MAGID;MagicMagid;Group of the Greens/European Free Alliance;Green Party;United Kingdom;28257421
Aušra MALDEIKIENĖ;maldeikiene;Group of the European People's Party (Christian Democrats);Independent;Lithuania;1141647835189977088
Adriana MALDONADO LÓPEZ;_AMaldonado_;Group of the Progressive Alliance of Socialists and Democrats in the European Parliament;Partido Socialista Obrero Español;Spain;380234100
Claudiu MANDA;Claudiu_Manda;Group of the Progressive Alliance of Socialists and Democrats in the European Parliament;Partidul Social Democrat;Romania;158287631
Lukas MANDL;lukasmandl;Group of the European People's Party (Christian Democrats);Österreichische Volkspartei;Austria;56818265
Thierry MARIANI;ThierryMARIANI;Identity and Democracy Group;Rassemblement national;France;87212906
Marian-Jean MARINESCU;MarianMarinescu;Group of the European People's Party (Christian Democrats);Partidul Naţional Liberal;Romania;90014101
Erik MARQUARDT;ErikMarquardt;Group of the Greens/European Free Alliance;Bündnis 90/Die Grünen;Germany;149441850
L-Onor. Margarida MARQUES;mmargmarques;Group of the Progressive Alliance of Socialists and Democrats in the European Parliament;Partido Socialista;Portugal;718106057416052741
Pedro MARQUES;pmdjmarques;Group of the Progressive Alliance of Socialists and Democrats in the European Parliament;Partido Socialista;Portugal;1096808124135235585
Fulvio MARTUSCIELLO;fulviomartuscie;Group of the European People's Party (Christian Democrats);Forza Italia;Italy;813738259
Marisa MATIAS;mmatias_;Confederal Group of the European United Left - Nordic Green Left;Bloco de Esquerda;Portugal;948552829
Predrag Fred MATIĆ;fred_matic;Group of the Progressive Alliance of Socialists and Democrats in the European Parliament;Socijaldemokratska partija Hrvatske;Croatia;1110460054392791040
Emmanuel MAUREL;emmanuelmaurel;Confederal Group of the European United Left - Nordic Green Left;La France Insoumise;France;66691158
Costas MAVRIDES;MavridesCostas;Group of the Progressive Alliance of Socialists and Democrats in the European Parliament;Democratic Party;Cyprus;3842013736
Radka MAXOVÁ;radkamaxova;Renew Europe Group;ANO 2011;Czechia;2242356686
Eva MAYDELL;EvaMaydell;Group of the European People's Party (Christian Democrats);Citizens for European Development of Bulgaria;Bulgaria;2472445567
Georg MAYER;georgmayermep;Identity and Democracy Group;Freiheitliche Partei Österreichs;Austria;2821282972
Beata MAZUREK;beatamk;European Conservatives and Reformists Group;Prawo i Sprawiedliwość;Poland;1118740158
Karen MELCHIOR;karmel80;Renew Europe Group;Det Radikale Venstre;Denmark;16936237
Joëlle MÉLIN;JoelleMelinRN;Identity and Democracy Group;Rassemblement national;France;2362654915
Nuno MELO;NunoMeloCDS;Group of the European People's Party (Christian Democrats);Partido do Centro Democrático Social-Partido Popular;Portugal;2858866479
Roberta METSOLA;RobertaMetsola;Group of the European People's Party (Christian Democrats);Partit Nazzjonalista;Malta;55031092
Jörg MEUTHEN;Joerg_Meuthen;Identity and Democracy Group;Alternative für Deutschland;Germany;710201540116652033
Martina MICHELS;martina_michels;Confederal Group of the European United Left - Nordic Green Left;DIE LINKE.;Germany;3292756634
Iskra MIHAYLOVA;Iskra_Mihaylova;Renew Europe Group;Movement for Rights and Freedoms;Bulgaria;831199595011137538
Sven MIKSER;svenmikser;Group of the Progressive Alliance of Socialists and Democrats in the European Parliament;Sotsiaaldemokraatlik Erakond;Estonia;233515767
Giuseppe MILAZZO;giuseppemilaz11;Group of the European People's Party (Christian Democrats);Forza Italia;Italy;614509863
Leszek MILLER;LeszekMiller;Group of the Progressive Alliance of Socialists and Democrats in the European Parliament;Sojusz Lewicy Demokratycznej;Poland;897947522
Baroness Nosheena MOBARIK;NosheenaMobarik;European Conservatives and Reformists Group;Conservative Party;United Kingdom;930742277739352064
Silvia MODIG;silviamodig;Confederal Group of the European United Left - Nordic Green Left;Vasemmistoliitto;Finland;87206214
Shaffaq MOHAMMED;shaffaqmohd;Renew Europe Group;Liberal Democrats;United Kingdom;529961793
Cláudia MONTEIRO DE AGUIAR;cmonteiroaguiar;Group of the European People's Party (Christian Democrats);Partido Social Democrata;Portugal;239860130
Brian MONTEITH;TheBluetrot;Non-attached Members;The Brexit Party;United Kingdom;620893984
Dolors MONTSERRAT;DolorsMM;Group of the European People's Party (Christian Democrats);Partido Popular;Spain;283559538
Claude MORAES;Claude_Moraes;Group of the Progressive Alliance of Socialists and Democrats in the European Parliament;Labour Party;United Kingdom;819843415
Nadine MORANO;nadine__morano;Group of the European People's Party (Christian Democrats);Les Républicains;France;413839619
Alessandra MORETTI;ale_moretti;Group of the Progressive Alliance of Socialists and Democrats in the European Parliament;Partito Democratico;Italy;540895773
Marlene MORTLER;MimiMortler;Group of the European People's Party (Christian Democrats);Christlich-Soziale Union in Bayern e.V.;Germany;861712643689676801
Dan-Ștefan MOTREANU;Dan_Motreanu;Group of the European People's Party (Christian Democrats);Partidul Naţional Liberal;Romania;2763652310
Ulrike MÜLLER;UliMuellerMdEP;Renew Europe Group;Freie Wähler;Germany;612717643
June Alison MUMMERY;june_mummery;Non-attached Members;The Brexit Party;United Kingdom;1085967618446643200
Siegfried MUREŞAN;SMuresan;Group of the European People's Party (Christian Democrats);Partidul Naţional Liberal;Romania;49950808
Caroline NAGTEGAAL;C_Nagtegaal;Renew Europe Group;Volkspartij voor Vrijheid en Democratie;Netherlands;38472446
Lucy NETHSINGHA;LNethsingha;Renew Europe Group;Liberal Democrats;United Kingdom;1551071150
Hannah NEUMANN;Hannah_LBerg;Group of the Greens/European Free Alliance;Bündnis 90/Die Grünen;Germany;828566340365643776
Bill NEWTON DUNN;billnewtondunn;Renew Europe Group;Liberal Democrats;United Kingdom;34705879
Angelika NIEBLER;ANiebler;Group of the European People's Party (Christian Democrats);Christlich-Soziale Union in Bayern e.V.;Germany;886420428
Luděk NIEDERMAYER;LudekNie;Group of the European People's Party (Christian Democrats);TOP 09 a Starostové;Czechia;2815744853
Niklas NIENASS;nnienass;Group of the Greens/European Free Alliance;Bündnis 90/Die Grünen;Germany;147947516
Ville NIINISTÖ;VilleNiinisto;Group of the Greens/European Free Alliance;Vihreä liitto;Finland;333954467
Maria NOICHL;MariaNoichl;Group of the Progressive Alliance of Socialists and Democrats in the European Parliament;Sozialdemokratische Partei Deutschlands;Germany;1070701588598218752
Ljudmila NOVAK;LjudmilaNovak;Group of the European People's Party (Christian Democrats);Nova Slovenija – Krščanski demokrati;Slovenia;514541450
Andrey NOVAKOV;AndreyNovakov;Group of the European People's Party (Christian Democrats);Citizens for European Development of Bulgaria;Bulgaria;1704818077
Grace O'SULLIVAN;GraceOSllvn;Group of the Greens/European Free Alliance;Green Party;Ireland;2281217988
Janina OCHOJSKA;JaninaOchojska;Group of the European People's Party (Christian Democrats);Bezpartyjna;Poland;2200120927
Jan-Christoph OETJEN;jcoetjen;Renew Europe Group;Freie Demokratische Partei;Germany;370708213
Jan OLBRYCHT;JanOlbrycht;Group of the European People's Party (Christian Democrats);Platforma Obywatelska;Poland;628396879
Philippe OLIVIER;PhOlivierRN;Identity and Democracy Group;Rassemblement national;France;1121349820747264000
Younous OMARJEE;younousomarjee;Confederal Group of the European United Left - Nordic Green Left;La France Insoumise;France;116407356
Henrik OVERGAARD NIELSEN;brexithenrik;Non-attached Members;The Brexit Party;United Kingdom;1121176705027248128
Urmas PAET;Urmaspaet;Renew Europe Group;Eesti Reformierakond;Estonia;1198416960
Maite PAGAZAURTUNDÚA;maitepagaza;Renew Europe Group;Delegación Ciudadanos Europeos;Spain;3351784787
Rory PALMER;Rory_Palmer;Group of the Progressive Alliance of Socialists and Democrats in the European Parliament;Labour Party;United Kingdom;22625989
Alessandro PANZA;Ale_panza;Identity and Democracy Group;Lega;Italy;232884196
Demetris PAPADAKIS;DemPapadakis;Group of the Progressive Alliance of Socialists and Democrats in the European Parliament;Movement for Social Democracy EDEK;Cyprus;1498593469
Dimitrios PAPADIMOULIS;papadimoulis;Confederal Group of the European United Left - Nordic Green Left;Coalition of the Radical Left;Greece;249601317
Aldo PATRICIELLO;PatricielloAldo;Group of the European People's Party (Christian Democrats);Forza Italia;Italy;454821447
Matthew PATTEN;math_patten;Non-attached Members;The Brexit Party;United Kingdom;1469190546
Jutta PAULUS;JuttaPaulusRLP;Group of the Greens/European Free Alliance;Bündnis 90/Die Grünen;Germany;433766266
Piernicola PEDICINI;PediciniM5S;Non-attached Members;Movimento 5 Stelle;Italy;631767111
Kris PEETERS;peeters_kris1;Group of the European People's Party (Christian Democrats);Christen-Democratisch & Vlaams;Belgium;560537100
Mauri PEKKARINEN;PekkarinenMauri;Renew Europe Group;Suomen Keskusta;Finland;2827228161
Mikuláš PEKSA;vonpecka;Group of the Greens/European Free Alliance;PIRÁTI;Czechia;1402424148
Anne-Sophie PELLETIER;ASPelletier;Confederal Group of the European United Left - Nordic Green Left;La France Insoumise;France;971692818577215488
Sandra PEREIRA;SPereira64600;Confederal Group of the European United Left - Nordic Green Left;Partido Comunista Português;Portugal;1250119759
Lídia PEREIRA;lidiafopereira;Group of the European People's Party (Christian Democrats);Partido Social Democrata;Portugal;48132236
Kira Marie PETER-HANSEN;Kira_MPH;Group of the Greens/European Free Alliance;Socialistisk Folkeparti;Denmark;3378612489
Morten Helveg PETERSEN;mortenhelveg;Renew Europe Group;Det Radikale Venstre;Denmark;25980581
Alexandra Louise Rosenfield PHILLIPS;alexforeurope;Group of the Greens/European Free Alliance;Green Party;United Kingdom;40363629
Alexandra Lesley PHILLIPS;BrexitAlex;Non-attached Members;The Brexit Party;United Kingdom;1123143752984477696
Pina PICIERNO;pinapic;Group of the Progressive Alliance of Socialists and Democrats in the European Parliament;Partito Democratico;Italy;339672122
Tonino PICULA;TPicula;Group of the Progressive Alliance of Socialists and Democrats in the European Parliament;Socijaldemokratska partija Hrvatske;Croatia;306134959
Markus PIEPER;markuspieperMEP;Group of the European People's Party (Christian Democrats);Christlich Demokratische Union Deutschlands;Germany;2979616235
Sirpa PIETIKÄINEN;spietikainen;Group of the European People's Party (Christian Democrats);Kansallinen Kokoomus;Finland;20228586
Sabrina PIGNEDOLI;SabriPignedoli;Non-attached Members;Movimento 5 Stelle;Italy;1118820762633285633
Manu PINEDA MARÍN;Manu_Abu_Carlos;Confederal Group of the European United Left - Nordic Green Left;PODEMOS;Spain;301716524
Kati PIRI;KatiPiri;Group of the Progressive Alliance of Socialists and Democrats in the European Parliament;Partij van de Arbeid;Netherlands;2279751087
Giuliano PISAPIA;giulianopisapia;Group of the Progressive Alliance of Socialists and Democrats in the European Parliament;Partito Democratico;Italy;163567416
Dragoș PÎSLARU;dragosh_pislaru;Renew Europe Group;Partidul Libertate, Unitate și Solidaritate;Romania;3399181305
Manuel PIZARRO;MPizarroPorto;Group of the Progressive Alliance of Socialists and Democrats in the European Parliament;Partido Socialista;Portugal;394073804
Rovana PLUMB;rovanaplumb;Group of the Progressive Alliance of Socialists and Democrats in the European Parliament;Partidul Social Democrat;Romania;202257382
Stanislav POLČÁK;stanislavpolcak;Group of the European People's Party (Christian Democrats);Starostové a nezávisli;Czechia;2414884400
Jessica POLFJÄRD;jessicapolfjard;Group of the European People's Party (Christian Democrats);Moderaterna;Sweden;327359409
Tomasz Piotr PORĘBA;TomaszPoreba;European Conservatives and Reformists Group;Prawo i Sprawiedliwość;Poland;2223619951
Luisa PORRITT;LuisaPorritt;Renew Europe Group;Liberal Democrats;United Kingdom;338308200
Jiří POSPÍŠIL;Pospisil_Jiri;Group of the European People's Party (Christian Democrats);TOP 09 a Starostové;Czechia;1734717882
Nicola PROCACCINI;NProcaccini;European Conservatives and Reformists Group;Fratelli d'Italia;Italy;557215750
Jake PUGH;jake_pugh;Non-attached Members;The Brexit Party;United Kingdom;299612346
Emil RADEV;Emil_Radev;Group of the European People's Party (Christian Democrats);Citizens for European Development of Bulgaria;Bulgaria;3108154565
Dennis RADTKE;RadtkeMdEP;Group of the European People's Party (Christian Democrats);Christlich Demokratische Union Deutschlands;Germany;922398725183623168
Samira RAFAELA;samiraraf;Renew Europe Group;Democraten 66;Netherlands;624017568
Elżbieta RAFALSKA;E_Rafalska;European Conservatives and Reformists Group;Prawo i Sprawiedliwość;Poland;369367937
Paulo RANGEL;PauloRangel_pt;Group of the European People's Party (Christian Democrats);Partido Social Democrata;Portugal;115724250
Annunziata Mary REES-MOGG;zatzi;Non-attached Members;The Brexit Party;United Kingdom;39102609
Luisa REGIMENTI;luisaregimenti;Identity and Democracy Group;Lega;Italy;725434892
Evelyn REGNER;Evelyn_Regner;Group of the Progressive Alliance of Socialists and Democrats in the European Parliament;Sozialdemokratische Partei Österreichs;Austria;139661393
Sira REGO;sirarego;Confederal Group of the European United Left - Nordic Green Left;PODEMOS;Spain;257450818
Guido REIL;GuidoReil;Identity and Democracy Group;Alternative für Deutschland;Germany;802958013644632064
Terry REINTKE;TerryReintke;Group of the Greens/European Free Alliance;Bündnis 90/Die Grünen;Germany;560188351
Karlo RESSLER;KarloRessler;Group of the European People's Party (Christian Democrats);Hrvatska demokratska zajednica;Croatia;1385476140
Diana RIBA I GINER;DianaRibaGiner;Group of the Greens/European Free Alliance;Esquerra Republicana de Catalunya;Spain;3295882694
Frédérique RIES;Frederiqueries;Renew Europe Group;Mouvement Réformateur;Belgium;191779603
Antonio Maria RINALDI;Rinaldi_euro;Identity and Democracy Group;Lega;Italy;1333369999
Dominique RIQUET;DominiqueRiquet;Renew Europe Group;Mouvement Radical Social-Libéral;France;2394252247
Sheila RITCHIE;europesheila;Renew Europe Group;Liberal Democrats;United Kingdom;58730899
Michèle RIVASI;MicheleRivasi;Group of the Greens/European Free Alliance;Europe Écologie;France;89431845
Jérôme RIVIÈRE;jerome_riviere;Identity and Democracy Group;Rassemblement national;France;202102772
Franco ROBERTI;francorobertieu;Group of the Progressive Alliance of Socialists and Democrats in the European Parliament;Partito Democratico;Italy;1118264104857288704
Inma RODRÍGUEZ-PIÑERO;RodriguezPinero;Group of the Progressive Alliance of Socialists and Democrats in the European Parliament;Partido Socialista Obrero Español;Spain;381969506
Eugenia RODRÍGUEZ PALOP;MEugeniaRPalop;Confederal Group of the European United Left - Nordic Green Left;PODEMOS;Spain;571948562
María Soraya RODRÍGUEZ RAMOS;sorayarr_;Renew Europe Group;Ciudadanos – Partido de la Ciudadanía;Spain;380200858
Sándor RÓNAI;sandor_ronai;Group of the Progressive Alliance of Socialists and Democrats in the European Parliament;Demokratikus Koalíció;Hungary;3410987703
Daniela RONDINELLI;Dani_Rondinelli;Non-attached Members;Movimento 5 Stelle;Italy;1118895627394482177
Rob ROOKEN;rooken;European Conservatives and Reformists Group;Forum voor Democratie;Netherlands;15334541
Robert ROOS;Rob_Roos;European Conservatives and Reformists Group;Forum voor Democratie;Netherlands;130406156
Bronis ROPĖ;BronisRopeLT;Group of the Greens/European Free Alliance;Lietuvos valstiečių ir žaliųjų sąjunga;Lithuania;3846811756
Catherine ROWETT;catherinerowett;Group of the Greens/European Free Alliance;Green Party;United Kingdom;1719936289
Robert ROWLAND;RowlandBrexitSE;Non-attached Members;The Brexit Party;United Kingdom;1123287693377536000
Bert-Jan RUISSEN;hjaruissen;European Conservatives and Reformists Group;Staatkundig Gereformeerde Partij;Netherlands;72240437
Domènec RUIZ DEVESA;DomenecD;Group of the Progressive Alliance of Socialists and Democrats in the European Parliament;Partido Socialista Obrero Español;Spain;372232906
Bogdan RZOŃCA;Bogdan_Rzonca;European Conservatives and Reformists Group;Prawo i Sprawiedliwość;Poland;1548724530
Massimiliano SALINI;MaxSalini;Group of the European People's Party (Christian Democrats);Forza Italia;Italy;601773356
Nacho SÁNCHEZ AMOR;NachoSAmor;Group of the Progressive Alliance of Socialists and Democrats in the European Parliament;Partido Socialista Obrero Español;Spain;322551792
Anne SANDER;ASanderMEP;Group of the European People's Party (Christian Democrats);Les Républicains;France;2610126043
Alfred SANT;SantAlfred;Group of the Progressive Alliance of Socialists and Democrats in the European Parliament;Partit Laburista;Malta;1558588135
Isabel SANTOS;isabel_mep;Group of the Progressive Alliance of Socialists and Democrats in the European Parliament;Partido Socialista;Portugal;1145077300519739397
Silvia SARDONE;SardoneSilvia;Identity and Democracy Group;Lega;Italy;600365935
Petri SARVAMAA;petrisarvamaa;Group of the European People's Party (Christian Democrats);Kansallinen Kokoomus;Finland;31193470
Jacek SARYUSZ-WOLSKI;JSaryuszWolski;European Conservatives and Reformists Group;Prawo i Sprawiedliwość;Poland;1485429175
David-Maria SASSOLI;DavidSassoli;Group of the Progressive Alliance of Socialists and Democrats in the European Parliament;Partito Democratico;Italy;54988878
Mounir SATOURI;MounirSatouri;Group of the Greens/European Free Alliance;Europe Écologie;France;848826626
Christel SCHALDEMOSE;SchaldemoseMEP;Group of the Progressive Alliance of Socialists and Democrats in the European Parliament;Socialdemokratiet;Denmark;1249695476
Andreas SCHIEDER;SCHIEDER;Group of the Progressive Alliance of Socialists and Democrats in the European Parliament;Sozialdemokratische Partei Österreichs;Austria;15749452
Martin SCHIRDEWAN;schirdewan;Confederal Group of the European United Left - Nordic Green Left;DIE LINKE.;Germany;743724264
Nicolas SCHMIT;nicolasschmit2;Group of the Progressive Alliance of Socialists and Democrats in the European Parliament;Parti ouvrier socialiste luxembourgeois;Luxembourg;544312946
Christine SCHNEIDER;ChSchneider;Group of the European People's Party (Christian Democrats);Christlich Demokratische Union Deutschlands;Germany;56136971
Helmut SCHOLZ;HelmutScholzMEP;Confederal Group of the European United Left - Nordic Green Left;DIE LINKE.;Germany;2449051215
Annie SCHREIJER-PIERIK;AnnieSchreijer;Group of the European People's Party (Christian Democrats);Christen Democratisch Appèl;Netherlands;2416391065
Liesje SCHREINEMACHER;LSchreinemacher;Renew Europe Group;Volkspartij voor Vrijheid en Democratie;Netherlands;494021297
Sven SCHULZE;schulzeeuropa;Group of the European People's Party (Christian Democrats);Christlich Demokratische Union Deutschlands;Germany;2339095172
Andreas SCHWAB;Andreas_Schwab;Group of the European People's Party (Christian Democrats);Christlich Demokratische Union Deutschlands;Germany;31099936
Molly SCOTT CATO;MollyMEP;Group of the Greens/European Free Alliance;Green Party;United Kingdom;726372601
Stéphane SÉJOURNÉ;steph_sejourne;Renew Europe Group;La République en marche;France;23967604
Monica SEMEDO;MonicaSemedoLux;Renew Europe Group;Parti démocratique;Luxembourg;1574792726
Nico SEMSROTT;nicosemsrott;Group of the Greens/European Free Alliance;Die PARTEI;Germany;225761424
Radosław SIKORSKI;sikorskiradek;Group of the European People's Party (Christian Democrats);Platforma Obywatelska;Poland;117029568
Sven SIMON;svensimon;Group of the European People's Party (Christian Democrats);Christlich Demokratische Union Deutschlands;Germany;19207204
Birgit SIPPEL;BirgitSippelMEP;Group of the Progressive Alliance of Socialists and Democrats in the European Parliament;Sozialdemokratische Partei Deutschlands;Germany;1580316804
Sara SKYTTEDAL;skyttedal;Group of the European People's Party (Christian Democrats);Kristdemokraterna;Sweden;21556545
Massimiliano SMERIGLIO;maxsmeriglio;Group of the Progressive Alliance of Socialists and Democrats in the European Parliament;Partito Democratico;Italy;388718346
Alyn SMITH;AlynSmith;Group of the Greens/European Free Alliance;Scottish National Party;United Kingdom;23056912
Michaela ŠOJDROVÁ;msojdrova;Group of the European People's Party (Christian Democrats);Křesťanská a demokratická unie - Československá strana lidová;Czechia;2671775504
Tomislav SOKOL;TomislavSokol;Group of the European People's Party (Christian Democrats);Hrvatska demokratska zajednica;Croatia;1114837449061150721
Susana SOLÍS PÉREZ;susanasolisp;Renew Europe Group;Ciudadanos – Partido de la Ciudadanía;Spain;3180723706
Martin SONNEBORN;MartinSonneborn;Non-attached Members;Die PARTEI;Germany;20463983
Sylwia SPUREK;SylwiaSpurek;Group of the Progressive Alliance of Socialists and Democrats in the European Parliament;Wiosna;Poland;4577469077
Maria SPYRAKI;MariaSpyraki;Group of the European People's Party (Christian Democrats);Nea Demokratia;Greece;339846503
Raffaele STANCANELLI;r_stancanelli;European Conservatives and Reformists Group;Fratelli d'Italia;Italy;284555061
Sergei STANISHEV;SergeiStanishev;Group of the Progressive Alliance of Socialists and Democrats in the European Parliament;Bulgarian Socialist Party;Bulgaria;435714725
Louis STEDMAN-BRYCE;Lstedmanbryce;Non-attached Members;The Brexit Party;United Kingdom;1121578444943429632
Ivan ŠTEFANEC;IvanStefanec;Group of the European People's Party (Christian Democrats);Kresťanskodemokratické hnutie;Slovakia;2426902357
Nicolae ȘTEFĂNUȚA;nicustefanuta;Renew Europe Group;Uniunea Salvați România;Romania;14157177
Jessica STEGRUD;JessicaStegrud;European Conservatives and Reformists Group;Sverigedemokraterna;Sweden;831943427705208835
Tineke STRIK;Tineke_Strik;Group of the Greens/European Free Alliance;GroenLinks;Netherlands;300876743
Ramona STRUGARIU;RamonaStrugariu;Renew Europe Group;Partidul Libertate, Unitate și Solidaritate;Romania;699745166807207936
Dubravka ŠUICA;dubravkasuica;Group of the European People's Party (Christian Democrats);Hrvatska demokratska zajednica;Croatia;1860459990
Beata SZYDŁO;BeataSzydlo;European Conservatives and Reformists Group;Prawo i Sprawiedliwość;Poland;76979225
Antonio TAJANI;Antonio_Tajani;Group of the European People's Party (Christian Democrats);Forza Italia;Italy;529247064
Paul TANG;paultang;Group of the Progressive Alliance of Socialists and Democrats in the European Parliament;Partij van de Arbeid;Netherlands;23318055
Marc TARABELLA;marctarabella;Group of the Progressive Alliance of Socialists and Democrats in the European Parliament;Parti Socialiste;Belgium;144238332
Annalisa TARDINO;TardinoAnnalisa;Identity and Democracy Group;Lega;Italy;1120084154853490688
Vera TAX;Vera_Tax;Group of the Progressive Alliance of Socialists and Democrats in the European Parliament;Partij van de Arbeid;Netherlands;37888214
Cristian TERHEȘ;CristianTerhes;Group of the Progressive Alliance of Socialists and Democrats in the European Parliament;Partidul Social Democrat;Romania;42571514
Hermann TERTSCH;hermanntertsch;European Conservatives and Reformists Group;VOX;Spain;257332880
Barbara THALER;thalerbarbara;Group of the European People's Party (Christian Democrats);Österreichische Volkspartei;Austria;36098698
Róża THUN UND HOHENSTEIN;rozathun;Group of the European People's Party (Christian Democrats);Platforma Obywatelska;Poland;284067858
Richard James TICE;TiceRichard;Non-attached Members;The Brexit Party;United Kingdom;1466783923
Frans TIMMERMANS;TimmermansEU;Group of the Progressive Alliance of Socialists and Democrats in the European Parliament;Partij van de Arbeid;Netherlands;1391776140
Irene TINAGLI;itinagli;Group of the Progressive Alliance of Socialists and Democrats in the European Parliament;Partito Democratico;Italy;136343557
Tomas TOBÉ;tomastobe;Group of the European People's Party (Christian Democrats);Moderaterna;Sweden;19455187
Grzegorz TOBISZOWSKI;tobiszowski;European Conservatives and Reformists Group;Prawo i Sprawiedliwość;Poland;1113740345559351297
Patrizia TOIA;toiapatrizia;Group of the Progressive Alliance of Socialists and Democrats in the European Parliament;Partito Democratico;Italy;86719842
Irène TOLLERET;ITolleret;Renew Europe Group;Liste Rennaisance;France;923116072856846336
Eugen TOMAC;eugen_tomac;Group of the European People's Party (Christian Democrats);Partidul Mișcarea Populară;Romania;4250290102
Romana TOMC;RomanaTomc;Group of the European People's Party (Christian Democrats);Slovenska demokratska stranka;Slovenia;397348833
Yana TOOM;YanaToom;Renew Europe Group;Eesti Keskerakond;Estonia;2834900104
Nils TORVALDS;NilsTorvalds;Renew Europe Group;Svenska folkpartiet;Finland;25057713
Evžen TOŠENOVSKÝ;EvzenTosenovsky;European Conservatives and Reformists Group;Občanská demokratická strana;Czechia;2597918268
Edina TÓTH;toth_edina;Group of the European People's Party (Christian Democrats);Fidesz-Magyar Polgári Szövetség-Kereszténydemokrata Néppárt;Hungary;2844983574
Marie TOUSSAINT;marietouss1;Group of the Greens/European Free Alliance;Europe Écologie;France;244086871
Isabella TOVAGLIERI;isatovaglieri;Identity and Democracy Group;Lega;Italy;1126217082658594822
Véronique TRILLET-LENOIR;VTrillet_Lenoir;Renew Europe Group;Liste Rennaisance;France;2824971037
László TRÓCSÁNYI;trocsanyi;Group of the European People's Party (Christian Democrats);Fidesz-Magyar Polgári Szövetség-Kereszténydemokrata Néppárt;Hungary;1097491939681804288
Dragoș TUDORACHE;IoanDragosT;Renew Europe Group;Partidul Libertate, Unitate și Solidaritate;Romania;1147477812590329856
Mihai TUDOSE;MihaiTudosePM;Group of the Progressive Alliance of Socialists and Democrats in the European Parliament;PRO Romania;Romania;883212184511270912
István UJHELYI;istvan_ujhelyi;Group of the Progressive Alliance of Socialists and Democrats in the European Parliament;Magyar Szocialista Párt;Hungary;705011648558473220
Miguel URBÁN CRESPO;MiguelUrban;Confederal Group of the European United Left - Nordic Green Left;PODEMOS;Spain;392199690
Ernest URTASUN;ernesturtasun;Group of the Greens/European Free Alliance;Catalunya en Comú;Spain;280227352
Nils UŠAKOVS;nilsusakovs;Group of the Progressive Alliance of Socialists and Democrats in the European Parliament;"""Saskaņa"" sociāldemokrātiskā partija";Latvia;34616856
Viktor USPASKICH;ViktorUspaskich;Renew Europe Group;Darbo partija;Lithuania;190621455
Inese VAIDERE;IneseVaidere;Group of the European People's Party (Christian Democrats);"Partija ""VIENOTĪBA""";Latvia;222400131
Adina-Ioana VĂLEAN;AdinaValean;Group of the European People's Party (Christian Democrats);Partidul Naţional Liberal;Romania;42072558
Monika VANA;MonikaVana;Group of the Greens/European Free Alliance;Die Grünen - Die Grüne Alternative;Austria;2615232002
Kathleen VAN BREMPT;kvanbrempt;Group of the Progressive Alliance of Socialists and Democrats in the European Parliament;Socialistische Partij.Anders;Belgium;381540723
Tom VANDENDRIESSCHE;TomVandendriess;Identity and Democracy Group;Vlaams Belang;Belgium;313540505
Geoffrey VAN ORDEN;GVOMEP;European Conservatives and Reformists Group;Conservative Party;United Kingdom;2348546149
Johan VAN OVERTVELDT;jvanovertveldt;European Conservatives and Reformists Group;Nieuw-Vlaamse Alliantie;Belgium;190955270
Kim VAN SPARRENTAK;kimvsparrentak;Group of the Greens/European Free Alliance;GroenLinks;Netherlands;55893722
Hilde VAUTMANS;hildevautmans;Renew Europe Group;Open Vlaamse Liberalen en Democraten;Belgium;700605423
Marie-Pierre VEDRENNE;MariePierreV;Renew Europe Group;Mouvement Démocrate;France;2867702451
Sabine VERHEYEN;sabineverheyen;Group of the European People's Party (Christian Democrats);Christlich Demokratische Union Deutschlands;Germany;2606242467
Guy VERHOFSTADT;guyverhofstadt;Renew Europe Group;Open Vlaamse Liberalen en Democraten;Belgium;856010760
Harald VILIMSKY;vilimsky;Identity and Democracy Group;Freiheitliche Partei Österreichs;Austria;303234771
Idoia VILLANUEVA RUIZ;IdoiaVR;Confederal Group of the European United Left - Nordic Green Left;PODEMOS;Spain;610146315
Nikolaj VILLUMSEN;nvillumsen;Confederal Group of the European United Left - Nordic Green Left;Enhedslisten;Denmark;35877137
Lorant-Gyorgy VINCZE;vinczelorant;Group of the European People's Party (Christian Democrats);Uniunea Democrată Maghiară din România;Romania;45225005
Henna VIRKKUNEN;HennaVirkkunen;Group of the European People's Party (Christian Democrats);Kansallinen Kokoomus;Finland;72277900
Caroline VOADEN;CarolineVoaden;Renew Europe Group;Liberal Democrats;United Kingdom;1086696404
Viola VON CRAMON-TAUBADEL;ViolavonCramon;Group of the Greens/European Free Alliance;Bündnis 90/Die Grünen;Germany;30507250
Alexandr VONDRA;AlexandrVondra;European Conservatives and Reformists Group;Občanská demokratická strana;Czechia;2744733035
Irina VON WIESE;IrinavonWiese;Renew Europe Group;Liberal Democrats;United Kingdom;910520918799155200
Axel VOSS;AxelVossMdEP;Group of the European People's Party (Christian Democrats);Christlich Demokratische Union Deutschlands;Germany;246295381
Elissavet VOZEMBERG-VRIONIDI;vozemberg;Group of the European People's Party (Christian Democrats);Nea Demokratia;Greece;385358076
Veronika VRECIONOVÁ;vrecionova;European Conservatives and Reformists Group;Občanská demokratická strana;Czechia;953628973551976448
Lucia VUOLO;LuciaVuoloEU;Identity and Democracy Group;Lega;Italy;1121084255503900672
Mick WALLACE;wallacemick;Confederal Group of the European United Left - Nordic Green Left;Independents for change;Ireland;248801998
Maria WALSH;MariaWalshEU;Group of the European People's Party (Christian Democrats);Fine Gael Party;Ireland;3350861938
Marion WALSMANN;MarionWalsmann;Group of the European People's Party (Christian Democrats);Christlich Demokratische Union Deutschlands;Germany;576234213
Jörgen WARBORN;jorgenwarborn;Group of the European People's Party (Christian Democrats);Moderaterna;Sweden;19085332
Julie WARD;julie4nw;Group of the Progressive Alliance of Socialists and Democrats in the European Parliament;Labour Party;United Kingdom;1354570123
Witold Jan WASZCZYKOWSKI;WaszczykowskiW;European Conservatives and Reformists Group;Prawo i Sprawiedliwość;Poland;1112654747994071040
Manfred WEBER;ManfredWeber;Group of the European People's Party (Christian Democrats);Christlich-Soziale Union in Bayern e.V.;Germany;20399735
Charlie WEIMERS;weimers;European Conservatives and Reformists Group;Sverigedemokraterna;Sweden;19182845
Pernille WEISS;WeissPernille;Group of the European People's Party (Christian Democrats);Det Konservative Folkeparti;Denmark;1007696977369423879
James WELLS;JamesfWells;Non-attached Members;The Brexit Party;United Kingdom;738707750570602496
Iuliu WINKLER;IuliuWinkler;Group of the European People's Party (Christian Democrats);Uniunea Democrată Maghiară din România;Romania;4023186321
Angelika WINZIG;AngelikaWinzig;Group of the European People's Party (Christian Democrats);Österreichische Volkspartei;Austria;1620533268
Isabel WISELER-LIMA;iwiseler;Group of the European People's Party (Christian Democrats);Parti chrétien social luxembourgeois;Luxembourg;42228933
Jadwiga WIŚNIEWSKA;j_wisniewska;European Conservatives and Reformists Group;Prawo i Sprawiedliwość;Poland;255941995
Tiemo WÖLKEN;woelken;Group of the Progressive Alliance of Socialists and Democrats in the European Parliament;Sozialdemokratische Partei Deutschlands;Germany;18174975
Salima YENBOU;salima_yenbou;Group of the Greens/European Free Alliance;Europe Écologie;France;714914764
Stéphanie YON-COURTIN;s_yoncourtin;Renew Europe Group;-;France;1112075586120400899
Elena YONCHEVA;elyoncheva;Group of the Progressive Alliance of Socialists and Democrats in the European Parliament;Bulgarian Socialist Party;Bulgaria;268282556
Chrysoula ZACHAROPOULOU;CZacharopoulou;Renew Europe Group;La République en marche;France;976511129018077186
Jan ZAHRADIL;ZahradilJan;European Conservatives and Reformists Group;Občanská demokratická strana;Czechia;1875717132
Anna ZALEWSKA;_AnnaZalewska;European Conservatives and Reformists Group;Prawo i Sprawiedliwość;Poland;3354883925
Stefania ZAMBELLI;LegaStefania;Identity and Democracy Group;Lega;Italy;1125285893961547777
Marco ZANNI;Marcozanni86;Identity and Democracy Group;Lega;Italy;112873259
Tatjana ŽDANOKA;Tatjana_Zdanoka;Group of the Greens/European Free Alliance;Latvijas Krievu savienība;Latvia;252625352
Tomáš ZDECHOVSKÝ;TomZdechovskyEP;Group of the European People's Party (Christian Democrats);Křesťanská a demokratická unie - Československá strana lidová;Czechia;2615239693
Roberts ZĪLE;robertszile;European Conservatives and Reformists Group;"Nacionālā apvienība ""Visu Latvijai!""-""Tēvzemei un Brīvībai/LNNK""";Latvia;104777237
Kosma ZŁOTOWSKI;KosmaZlotowski;European Conservatives and Reformists Group;Prawo i Sprawiedliwość;Poland;885534897061888000
Juan Ignacio ZOIDO ÁLVAREZ;zoidoJI;Group of the European People's Party (Christian Democrats);Partido Popular;Spain;169843986
Carlos ZORRINHO;czorrinho;Group of the Progressive Alliance of Socialists and Democrats in the European Parliament;Partido Socialista;Portugal;34423857
Željana ZOVKO;ZovkoEU;Group of the European People's Party (Christian Democrats);Hrvatska demokratska zajednica;Croatia;832578719525064708
Marco ZULLO;MarcoZullo;Non-attached Members;Movimento 5 Stelle;Italy;2780234221
Milan ZVER;MilanZver;Group of the European People's Party (Christian Democrats);Slovenska demokratska stranka;Slovenia;368804657
